content_id,title,genre,content_type,duration_minutes,release_date,is_original
C00001,Title_1,Comedy,Movie,140,2018-05-08,True
C00002,Title_2,Documentary,Movie,138,2024-05-18,True
C00003,Title_3,Animation,Series,21,2023-07-15,False
C00004,Title_4,Action,Movie,145,2023-12-20,False
C00005,Title_5,Romance,Series,30,2020-10-16,False
C00006,Title_6,Romance,Series,39,2020-09-04,False
C00007,Title_7,Horror,Movie,112,2021-10-17,False
C00008,Title_8,Romance,Movie,175,2019-10-25,False
C00009,Title_9,Action,Movie,154,2020-03-06,True
C00010,Title_10,Romance,Movie,105,2019-12-22,False
C00011,Title_11,Thriller,Movie,109,2019-10-31,False
C00012,Title_12,Action,Movie,95,2025-05-14,True
C00013,Title_13,Crime,Movie,160,2023-12-31,False
C00014,Title_14,Romance,Movie,168,2022-11-27,False
C00015,Title_15,Drama,Movie,167,2021-03-02,False
C00016,Title_16,Thriller,Documentary,54,2019-11-05,False
C00017,Title_17,Documentary,Series,50,2025-02-23,True
C00018,Title_18,Documentary,Series,29,2024-11-06,False
C00019,Title_19,Drama,Movie,84,2024-06-25,False
C00020,Title_20,Thriller,Series,31,2018-12-23,True
C00021,Title_21,Drama,Movie,118,2021-01-31,False
C00022,Title_22,Documentary,Movie,95,2025-05-16,True
C00023,Title_23,Drama,Movie,165,2022-09-24,True
C00024,Title_24,Crime,Series,20,2024-11-10,True
C00025,Title_25,Drama,Series,37,2023-01-11,True
C00026,Title_26,Romance,Series,28,2018-02-06,True
C00027,Title_27,Drama,Movie,88,2025-03-06,False
C00028,Title_28,Sci-Fi,Movie,113,2019-12-14,True
C00029,Title_29,Thriller,Series,23,2018-03-21,False
C00030,Title_30,Action,Series,43,2025-06-28,True
C00031,Title_31,Horror,Series,45,2023-07-10,False
C00032,Title_32,Romance,Series,26,2018-07-11,True
C00033,Title_33,Action,Movie,160,2023-07-07,False
C00034,Title_34,Crime,Movie,118,2024-02-09,False
C00035,Title_35,Thriller,Documentary,75,2022-05-20,True
C00036,Title_36,Animation,Series,29,2023-08-25,False
C00037,Title_37,Horror,Special,66,2020-09-16,True
C00038,Title_38,Drama,Documentary,95,2021-02-27,True
C00039,Title_39,Horror,Movie,163,2018-08-04,False
C00040,Title_40,Action,Movie,117,2023-03-02,False
C00041,Title_41,Sci-Fi,Movie,146,2022-06-25,False
C00042,Title_42,Action,Series,47,2022-04-03,False
C00043,Title_43,Thriller,Series,34,2023-07-07,True
C00044,Title_44,Comedy,Movie,123,2024-03-31,True
C00045,Title_45,Crime,Special,106,2025-06-12,True
C00046,Title_46,Comedy,Series,33,2018-08-26,False
C00047,Title_47,Romance,Documentary,48,2018-10-06,False
C00048,Title_48,Documentary,Movie,114,2024-08-23,True
C00049,Title_49,Animation,Series,40,2021-10-07,True
C00050,Title_50,Romance,Special,79,2023-08-12,False
C00051,Title_51,Drama,Movie,145,2021-05-10,False
C00052,Title_52,Drama,Movie,80,2024-12-18,False
C00053,Title_53,Drama,Series,58,2021-01-04,False
C00054,Title_54,Drama,Movie,133,2018-07-29,True
C00055,Title_55,Animation,Movie,83,2023-06-22,False
C00056,Title_56,Thriller,Movie,173,2021-07-11,True
C00057,Title_57,Horror,Movie,147,2021-03-09,False
C00058,Title_58,Comedy,Movie,99,2018-09-12,True
C00059,Title_59,Horror,Series,41,2022-10-26,True
C00060,Title_60,Horror,Movie,142,2022-11-09,True
C00061,Title_61,Thriller,Series,45,2021-10-30,False
C00062,Title_62,Thriller,Series,48,2023-01-05,False
C00063,Title_63,Sci-Fi,Movie,175,2020-02-08,False
C00064,Title_64,Action,Special,76,2021-06-17,True
C00065,Title_65,Romance,Movie,176,2022-05-17,False
C00066,Title_66,Horror,Movie,118,2020-12-30,False
C00067,Title_67,Thriller,Series,54,2022-11-17,True
C00068,Title_68,Documentary,Movie,136,2023-11-11,False
C00069,Title_69,Horror,Series,52,2020-11-15,False
C00070,Title_70,Crime,Movie,86,2024-08-20,False
C00071,Title_71,Action,Documentary,49,2023-04-23,True
C00072,Title_72,Animation,Documentary,58,2018-02-13,False
C00073,Title_73,Animation,Series,38,2020-10-17,True
C00074,Title_74,Action,Series,54,2018-12-31,False
C00075,Title_75,Documentary,Series,46,2021-01-11,True
C00076,Title_76,Action,Series,49,2025-04-30,True
C00077,Title_77,Documentary,Movie,173,2022-05-24,True
C00078,Title_78,Action,Movie,120,2018-02-15,False
C00079,Title_79,Crime,Documentary,45,2022-10-23,False
C00080,Title_80,Crime,Series,44,2018-07-05,True
C00081,Title_81,Comedy,Documentary,88,2023-05-21,False
C00082,Title_82,Drama,Documentary,119,2023-04-04,False
C00083,Title_83,Crime,Series,49,2023-03-09,False
C00084,Title_84,Thriller,Movie,146,2018-01-10,True
C00085,Title_85,Action,Movie,81,2019-05-09,False
C00086,Title_86,Documentary,Movie,100,2023-04-12,True
C00087,Title_87,Horror,Documentary,53,2021-09-20,True
C00088,Title_88,Comedy,Movie,170,2024-10-21,False
C00089,Title_89,Animation,Movie,93,2024-05-30,False
C00090,Title_90,Thriller,Movie,108,2020-05-13,False
C00091,Title_91,Romance,Series,42,2024-04-13,False
C00092,Title_92,Animation,Documentary,56,2023-02-06,False
C00093,Title_93,Action,Series,54,2022-09-02,False
C00094,Title_94,Drama,Series,47,2021-03-01,False
C00095,Title_95,Romance,Documentary,100,2024-11-08,False
C00096,Title_96,Horror,Movie,95,2018-07-03,True
C00097,Title_97,Animation,Series,35,2018-05-30,False
C00098,Title_98,Thriller,Movie,142,2018-07-04,False
C00099,Title_99,Horror,Movie,174,2024-07-24,False
C00100,Title_100,Horror,Movie,135,2021-12-26,False
C00101,Title_101,Documentary,Movie,179,2020-10-26,True
C00102,Title_102,Sci-Fi,Movie,108,2020-04-23,False
C00103,Title_103,Crime,Movie,153,2020-04-21,False
C00104,Title_104,Crime,Series,47,2024-07-02,False
C00105,Title_105,Comedy,Movie,117,2019-08-07,False
C00106,Title_106,Drama,Series,58,2022-06-05,True
C00107,Title_107,Action,Movie,171,2018-09-05,True
C00108,Title_108,Horror,Movie,178,2021-05-27,False
C00109,Title_109,Horror,Movie,176,2023-07-21,False
C00110,Title_110,Action,Series,54,2020-07-18,False
C00111,Title_111,Crime,Series,35,2019-12-16,False
C00112,Title_112,Documentary,Series,27,2020-03-29,False
C00113,Title_113,Thriller,Series,24,2020-04-07,False
C00114,Title_114,Documentary,Series,31,2018-12-17,False
C00115,Title_115,Animation,Movie,164,2019-05-30,True
C00116,Title_116,Action,Movie,104,2022-07-16,False
C00117,Title_117,Documentary,Movie,88,2020-02-11,False
C00118,Title_118,Comedy,Movie,100,2018-02-15,False
C00119,Title_119,Thriller,Movie,134,2024-09-21,False
C00120,Title_120,Thriller,Documentary,93,2024-07-19,True
C00121,Title_121,Comedy,Movie,149,2019-04-01,False
C00122,Title_122,Action,Series,41,2023-05-31,True
C00123,Title_123,Comedy,Series,49,2023-11-14,False
C00124,Title_124,Thriller,Documentary,56,2021-08-09,True
C00125,Title_125,Comedy,Special,52,2019-09-10,True
C00126,Title_126,Horror,Movie,123,2020-09-05,False
C00127,Title_127,Action,Movie,120,2018-08-13,False
C00128,Title_128,Thriller,Special,50,2024-11-11,True
C00129,Title_129,Documentary,Movie,130,2023-02-10,False
C00130,Title_130,Documentary,Movie,94,2023-08-28,False
C00131,Title_131,Action,Documentary,83,2021-01-17,True
C00132,Title_132,Sci-Fi,Movie,107,2020-04-28,False
C00133,Title_133,Animation,Movie,138,2024-07-01,True
C00134,Title_134,Sci-Fi,Movie,147,2021-09-22,False
C00135,Title_135,Sci-Fi,Movie,169,2020-04-07,True
C00136,Title_136,Romance,Movie,124,2019-07-12,False
C00137,Title_137,Documentary,Documentary,104,2025-04-07,False
C00138,Title_138,Horror,Movie,144,2024-11-19,False
C00139,Title_139,Horror,Movie,108,2018-07-28,False
C00140,Title_140,Horror,Movie,107,2023-01-20,True
C00141,Title_141,Action,Series,37,2018-01-24,True
C00142,Title_142,Comedy,Movie,92,2020-08-30,False
C00143,Title_143,Sci-Fi,Movie,130,2020-10-20,False
C00144,Title_144,Sci-Fi,Movie,176,2020-01-03,True
C00145,Title_145,Crime,Documentary,69,2025-01-29,False
C00146,Title_146,Thriller,Series,57,2021-02-19,True
C00147,Title_147,Documentary,Series,21,2020-05-21,False
C00148,Title_148,Documentary,Movie,147,2024-02-08,False
C00149,Title_149,Documentary,Movie,145,2020-08-13,False
C00150,Title_150,Animation,Documentary,54,2025-02-15,False
C00151,Title_151,Horror,Movie,82,2025-01-04,False
C00152,Title_152,Horror,Movie,83,2023-10-25,False
C00153,Title_153,Documentary,Series,22,2020-09-25,False
C00154,Title_154,Thriller,Movie,150,2019-04-05,True
C00155,Title_155,Documentary,Series,45,2018-11-22,True
C00156,Title_156,Comedy,Series,43,2022-02-15,False
C00157,Title_157,Thriller,Series,34,2020-06-16,True
C00158,Title_158,Crime,Special,51,2024-07-27,True
C00159,Title_159,Action,Series,57,2024-01-18,False
C00160,Title_160,Sci-Fi,Series,34,2018-06-08,True
C00161,Title_161,Horror,Series,54,2022-04-30,False
C00162,Title_162,Thriller,Movie,96,2020-04-10,True
C00163,Title_163,Comedy,Movie,85,2024-08-22,False
C00164,Title_164,Thriller,Series,50,2023-12-13,False
C00165,Title_165,Romance,Movie,123,2018-07-27,True
C00166,Title_166,Animation,Movie,127,2019-04-13,False
C00167,Title_167,Sci-Fi,Documentary,43,2025-06-24,True
C00168,Title_168,Crime,Series,21,2025-05-04,False
C00169,Title_169,Animation,Series,45,2020-06-23,False
C00170,Title_170,Drama,Movie,131,2024-01-20,True
C00171,Title_171,Drama,Series,56,2024-04-16,True
C00172,Title_172,Thriller,Movie,144,2025-04-17,False
C00173,Title_173,Horror,Movie,84,2018-10-30,False
C00174,Title_174,Horror,Documentary,83,2021-06-14,False
C00175,Title_175,Comedy,Movie,94,2023-09-06,True
C00176,Title_176,Thriller,Series,54,2019-05-02,True
C00177,Title_177,Documentary,Movie,131,2022-01-12,True
C00178,Title_178,Thriller,Series,43,2025-01-23,True
C00179,Title_179,Documentary,Series,50,2018-09-23,False
C00180,Title_180,Romance,Series,23,2019-08-27,True
C00181,Title_181,Sci-Fi,Movie,133,2021-12-28,False
C00182,Title_182,Animation,Series,33,2025-02-25,False
C00183,Title_183,Comedy,Series,55,2018-09-08,False
C00184,Title_184,Documentary,Movie,179,2024-09-06,False
C00185,Title_185,Animation,Series,31,2023-09-26,False
C00186,Title_186,Documentary,Movie,169,2023-06-28,True
C00187,Title_187,Sci-Fi,Movie,152,2025-06-10,False
C00188,Title_188,Documentary,Movie,100,2025-03-13,False
C00189,Title_189,Comedy,Movie,166,2018-06-27,True
C00190,Title_190,Animation,Series,41,2019-12-08,False
C00191,Title_191,Comedy,Movie,171,2020-11-20,True
C00192,Title_192,Action,Series,22,2019-12-11,True
C00193,Title_193,Sci-Fi,Movie,177,2023-04-10,False
C00194,Title_194,Horror,Movie,172,2025-05-11,True
C00195,Title_195,Crime,Documentary,87,2019-04-19,False
C00196,Title_196,Thriller,Movie,134,2024-11-08,False
C00197,Title_197,Drama,Series,53,2018-10-09,False
C00198,Title_198,Thriller,Series,44,2022-07-23,True
C00199,Title_199,Comedy,Movie,100,2020-10-09,False
C00200,Title_200,Action,Series,46,2021-06-22,False
C00201,Title_201,Romance,Movie,155,2024-04-21,False
C00202,Title_202,Drama,Series,41,2025-04-30,False
C00203,Title_203,Crime,Series,21,2024-05-07,True
C00204,Title_204,Romance,Movie,80,2024-04-19,False
C00205,Title_205,Action,Documentary,101,2023-07-07,False
C00206,Title_206,Romance,Series,58,2018-10-06,False
C00207,Title_207,Comedy,Movie,165,2018-06-23,True
C00208,Title_208,Horror,Documentary,42,2020-05-10,False
C00209,Title_209,Sci-Fi,Series,56,2021-07-16,False
C00210,Title_210,Romance,Series,36,2019-06-13,False
C00211,Title_211,Crime,Movie,159,2018-09-06,False
C00212,Title_212,Drama,Series,40,2018-08-27,True
C00213,Title_213,Horror,Series,31,2023-06-04,False
C00214,Title_214,Crime,Movie,157,2018-08-30,True
C00215,Title_215,Sci-Fi,Series,34,2019-11-14,False
C00216,Title_216,Horror,Series,56,2020-06-28,False
C00217,Title_217,Thriller,Movie,145,2022-10-21,False
C00218,Title_218,Comedy,Movie,99,2020-09-19,False
C00219,Title_219,Thriller,Movie,145,2024-05-12,False
C00220,Title_220,Crime,Movie,97,2025-02-19,False
C00221,Title_221,Comedy,Series,40,2020-05-27,False
C00222,Title_222,Thriller,Series,32,2018-04-17,True
C00223,Title_223,Action,Series,44,2018-06-11,False
C00224,Title_224,Horror,Documentary,106,2020-04-21,False
C00225,Title_225,Thriller,Movie,83,2018-01-29,False
C00226,Title_226,Romance,Documentary,100,2021-04-21,False
C00227,Title_227,Animation,Series,22,2018-08-29,False
C00228,Title_228,Sci-Fi,Movie,90,2023-05-04,True
C00229,Title_229,Comedy,Movie,145,2024-09-12,True
C00230,Title_230,Comedy,Series,51,2022-08-15,False
C00231,Title_231,Animation,Series,51,2024-08-27,False
C00232,Title_232,Sci-Fi,Movie,141,2021-01-19,False
C00233,Title_233,Documentary,Special,71,2022-08-08,False
C00234,Title_234,Sci-Fi,Documentary,75,2020-04-09,False
C00235,Title_235,Comedy,Documentary,118,2023-10-04,True
C00236,Title_236,Thriller,Movie,116,2020-05-25,False
C00237,Title_237,Thriller,Documentary,53,2021-01-18,False
C00238,Title_238,Horror,Movie,111,2024-04-16,False
C00239,Title_239,Sci-Fi,Documentary,42,2021-03-28,False
C00240,Title_240,Animation,Documentary,46,2023-08-13,True
C00241,Title_241,Action,Series,54,2020-04-15,False
C00242,Title_242,Horror,Series,59,2025-05-28,False
C00243,Title_243,Documentary,Movie,177,2020-04-10,False
C00244,Title_244,Documentary,Documentary,89,2023-11-14,False
C00245,Title_245,Crime,Movie,102,2023-07-24,False
C00246,Title_246,Horror,Documentary,85,2019-05-18,True
C00247,Title_247,Documentary,Movie,161,2022-06-06,False
C00248,Title_248,Action,Series,25,2019-01-22,False
C00249,Title_249,Horror,Movie,112,2025-01-13,False
C00250,Title_250,Romance,Movie,134,2024-06-05,False
C00251,Title_251,Comedy,Movie,172,2022-06-25,True
C00252,Title_252,Thriller,Special,98,2020-07-22,False
C00253,Title_253,Documentary,Movie,83,2018-05-31,False
C00254,Title_254,Action,Movie,160,2020-04-19,True
C00255,Title_255,Sci-Fi,Movie,169,2018-08-13,True
C00256,Title_256,Thriller,Special,66,2022-08-19,False
C00257,Title_257,Drama,Series,59,2023-07-02,False
C00258,Title_258,Action,Movie,81,2018-10-09,False
C00259,Title_259,Romance,Documentary,47,2021-02-21,False
C00260,Title_260,Comedy,Series,28,2018-10-14,False
C00261,Title_261,Sci-Fi,Series,31,2023-03-17,False
C00262,Title_262,Animation,Series,22,2020-11-12,True
C00263,Title_263,Crime,Series,56,2022-10-20,False
C00264,Title_264,Action,Series,40,2023-03-04,False
C00265,Title_265,Horror,Movie,169,2018-09-13,False
C00266,Title_266,Drama,Movie,179,2018-06-11,False
C00267,Title_267,Action,Special,107,2023-08-26,False
C00268,Title_268,Horror,Series,41,2024-04-18,False
C00269,Title_269,Crime,Movie,161,2023-04-07,False
C00270,Title_270,Horror,Movie,90,2021-12-11,False
C00271,Title_271,Romance,Movie,125,2018-12-29,False
C00272,Title_272,Animation,Series,35,2022-12-23,False
C00273,Title_273,Comedy,Series,54,2019-01-02,False
C00274,Title_274,Romance,Special,58,2023-07-19,True
C00275,Title_275,Comedy,Series,28,2021-01-12,False
C00276,Title_276,Comedy,Movie,173,2019-01-22,False
C00277,Title_277,Horror,Movie,98,2024-03-05,False
C00278,Title_278,Thriller,Series,56,2024-12-06,False
C00279,Title_279,Documentary,Series,37,2019-02-20,False
C00280,Title_280,Sci-Fi,Series,23,2018-08-18,True
C00281,Title_281,Horror,Movie,98,2024-01-28,True
C00282,Title_282,Comedy,Movie,138,2020-08-31,True
C00283,Title_283,Crime,Special,118,2022-10-13,False
C00284,Title_284,Comedy,Movie,154,2019-04-12,False
C00285,Title_285,Drama,Movie,113,2023-11-11,False
C00286,Title_286,Sci-Fi,Series,52,2024-04-06,False
C00287,Title_287,Documentary,Series,27,2022-04-05,True
C00288,Title_288,Animation,Movie,179,2020-11-10,True
C00289,Title_289,Documentary,Special,94,2019-02-04,True
C00290,Title_290,Comedy,Movie,139,2021-12-19,False
C00291,Title_291,Sci-Fi,Movie,132,2022-09-25,False
C00292,Title_292,Drama,Movie,146,2021-09-21,True
C00293,Title_293,Thriller,Movie,119,2023-12-29,True
C00294,Title_294,Drama,Movie,81,2023-04-23,False
C00295,Title_295,Drama,Movie,116,2023-08-04,False
C00296,Title_296,Comedy,Series,21,2018-01-31,False
C00297,Title_297,Drama,Series,29,2022-04-06,False
C00298,Title_298,Crime,Series,32,2019-01-16,False
C00299,Title_299,Documentary,Movie,110,2023-12-29,False
C00300,Title_300,Documentary,Movie,128,2022-09-30,True
C00301,Title_301,Crime,Special,117,2025-01-08,False
C00302,Title_302,Sci-Fi,Movie,140,2022-10-01,False
C00303,Title_303,Animation,Movie,109,2021-09-09,False
C00304,Title_304,Action,Movie,130,2023-09-12,False
C00305,Title_305,Action,Series,33,2022-02-17,False
C00306,Title_306,Horror,Movie,156,2021-06-01,False
C00307,Title_307,Drama,Movie,139,2023-04-10,False
C00308,Title_308,Horror,Movie,94,2019-03-09,False
C00309,Title_309,Sci-Fi,Series,45,2018-03-25,False
C00310,Title_310,Action,Documentary,66,2025-03-12,False
C00311,Title_311,Sci-Fi,Movie,159,2022-12-15,False
C00312,Title_312,Action,Movie,133,2024-11-03,True
C00313,Title_313,Action,Movie,144,2020-01-02,False
C00314,Title_314,Romance,Movie,95,2020-07-18,False
C00315,Title_315,Action,Special,45,2021-09-12,True
C00316,Title_316,Crime,Documentary,78,2018-12-19,True
C00317,Title_317,Romance,Movie,144,2024-01-13,False
C00318,Title_318,Drama,Documentary,116,2022-03-04,True
C00319,Title_319,Horror,Movie,80,2025-01-14,False
C00320,Title_320,Comedy,Movie,129,2019-02-01,True
C00321,Title_321,Horror,Movie,140,2020-08-14,True
C00322,Title_322,Sci-Fi,Movie,165,2020-03-19,False
C00323,Title_323,Action,Series,23,2019-05-25,False
C00324,Title_324,Horror,Movie,114,2023-05-18,False
C00325,Title_325,Crime,Movie,97,2018-05-03,True
C00326,Title_326,Horror,Series,50,2023-01-27,True
C00327,Title_327,Crime,Movie,127,2021-11-01,False
C00328,Title_328,Thriller,Movie,123,2024-12-08,False
C00329,Title_329,Animation,Series,21,2022-10-25,False
C00330,Title_330,Horror,Movie,96,2023-04-18,True
C00331,Title_331,Documentary,Movie,118,2019-02-08,False
C00332,Title_332,Romance,Movie,116,2022-09-26,True
C00333,Title_333,Sci-Fi,Movie,174,2021-11-13,False
C00334,Title_334,Crime,Movie,120,2018-02-13,False
C00335,Title_335,Comedy,Movie,134,2020-11-06,True
C00336,Title_336,Action,Movie,175,2020-02-28,True
C00337,Title_337,Horror,Movie,141,2018-03-20,True
C00338,Title_338,Drama,Movie,112,2023-12-06,True
C00339,Title_339,Drama,Documentary,77,2024-03-26,False
C00340,Title_340,Romance,Documentary,48,2019-12-19,False
C00341,Title_341,Animation,Special,109,2021-02-19,True
C00342,Title_342,Thriller,Series,57,2020-09-08,False
C00343,Title_343,Romance,Movie,157,2020-04-02,True
C00344,Title_344,Animation,Series,35,2021-07-29,False
C00345,Title_345,Sci-Fi,Documentary,113,2021-05-19,True
C00346,Title_346,Romance,Movie,160,2024-01-12,False
C00347,Title_347,Romance,Movie,135,2023-03-11,True
C00348,Title_348,Horror,Series,33,2022-07-20,False
C00349,Title_349,Sci-Fi,Movie,152,2020-07-22,True
C00350,Title_350,Thriller,Movie,157,2023-05-20,False
C00351,Title_351,Documentary,Movie,167,2018-03-05,True
C00352,Title_352,Documentary,Movie,90,2024-07-10,False
C00353,Title_353,Thriller,Series,45,2022-10-03,False
C00354,Title_354,Crime,Movie,168,2025-04-14,False
C00355,Title_355,Crime,Movie,147,2022-05-19,False
C00356,Title_356,Sci-Fi,Series,59,2020-06-23,False
C00357,Title_357,Thriller,Series,38,2020-12-09,True
C00358,Title_358,Action,Series,51,2023-02-26,True
C00359,Title_359,Comedy,Movie,85,2019-07-13,False
C00360,Title_360,Animation,Series,46,2018-09-14,False
C00361,Title_361,Crime,Series,42,2020-11-30,False
C00362,Title_362,Action,Movie,127,2022-09-13,False
C00363,Title_363,Romance,Special,99,2020-08-28,True
C00364,Title_364,Comedy,Movie,84,2024-01-13,True
C00365,Title_365,Drama,Movie,153,2019-08-27,False
C00366,Title_366,Crime,Movie,170,2022-03-10,False
C00367,Title_367,Horror,Series,41,2021-12-23,False
C00368,Title_368,Crime,Series,39,2024-12-11,False
C00369,Title_369,Documentary,Series,26,2021-04-26,False
C00370,Title_370,Documentary,Series,31,2024-08-05,True
C00371,Title_371,Documentary,Documentary,93,2020-08-09,False
C00372,Title_372,Thriller,Series,48,2023-03-24,True
C00373,Title_373,Horror,Series,27,2024-10-30,False
C00374,Title_374,Documentary,Movie,158,2022-08-06,True
C00375,Title_375,Drama,Movie,152,2024-03-20,True
C00376,Title_376,Sci-Fi,Movie,81,2018-07-22,False
C00377,Title_377,Action,Documentary,109,2020-12-01,True
C00378,Title_378,Sci-Fi,Series,38,2025-03-09,False
C00379,Title_379,Horror,Movie,170,2021-02-14,True
C00380,Title_380,Crime,Series,23,2018-12-17,False
C00381,Title_381,Horror,Movie,113,2024-12-13,True
C00382,Title_382,Romance,Series,28,2024-04-27,True
C00383,Title_383,Crime,Series,38,2018-03-05,False
C00384,Title_384,Comedy,Movie,99,2018-08-30,False
C00385,Title_385,Documentary,Movie,137,2018-09-25,False
C00386,Title_386,Sci-Fi,Movie,117,2023-06-13,True
C00387,Title_387,Drama,Series,37,2019-06-14,False
C00388,Title_388,Animation,Documentary,56,2020-11-12,True
C00389,Title_389,Documentary,Series,38,2024-11-28,False
C00390,Title_390,Horror,Series,42,2021-08-12,False
C00391,Title_391,Sci-Fi,Series,47,2022-06-01,False
C00392,Title_392,Horror,Movie,171,2022-12-27,True
C00393,Title_393,Documentary,Movie,115,2021-05-09,False
C00394,Title_394,Crime,Movie,100,2024-08-11,True
C00395,Title_395,Documentary,Movie,145,2023-08-25,False
C00396,Title_396,Documentary,Series,42,2022-08-12,True
C00397,Title_397,Animation,Series,49,2019-08-10,True
C00398,Title_398,Romance,Series,43,2018-02-15,False
C00399,Title_399,Horror,Documentary,118,2020-06-20,False
C00400,Title_400,Crime,Series,30,2023-09-11,False
C00401,Title_401,Animation,Movie,164,2023-06-22,False
C00402,Title_402,Crime,Movie,156,2024-06-03,False
C00403,Title_403,Drama,Series,35,2021-11-27,False
C00404,Title_404,Romance,Series,25,2023-12-24,True
C00405,Title_405,Crime,Series,44,2023-09-26,False
C00406,Title_406,Thriller,Special,115,2023-06-21,False
C00407,Title_407,Comedy,Movie,172,2022-03-14,False
C00408,Title_408,Sci-Fi,Movie,88,2025-02-15,True
C00409,Title_409,Thriller,Movie,163,2022-04-08,False
C00410,Title_410,Thriller,Movie,164,2020-04-23,False
C00411,Title_411,Documentary,Series,31,2022-06-01,False
C00412,Title_412,Drama,Movie,151,2023-08-25,False
C00413,Title_413,Horror,Special,72,2019-12-12,True
C00414,Title_414,Crime,Movie,117,2024-01-23,False
C00415,Title_415,Crime,Movie,170,2023-06-24,True
C00416,Title_416,Sci-Fi,Series,45,2025-03-04,False
C00417,Title_417,Thriller,Special,40,2019-10-01,False
C00418,Title_418,Drama,Series,22,2021-04-20,True
C00419,Title_419,Crime,Movie,93,2022-03-15,False
C00420,Title_420,Drama,Movie,96,2022-05-30,False
C00421,Title_421,Horror,Documentary,82,2024-08-12,True
C00422,Title_422,Sci-Fi,Movie,151,2025-03-05,False
C00423,Title_423,Sci-Fi,Movie,141,2021-01-23,False
C00424,Title_424,Horror,Movie,142,2019-08-12,False
C00425,Title_425,Documentary,Series,20,2018-06-04,False
C00426,Title_426,Romance,Documentary,102,2022-03-25,True
C00427,Title_427,Crime,Series,24,2023-06-18,False
C00428,Title_428,Documentary,Movie,174,2018-12-12,False
C00429,Title_429,Drama,Movie,102,2023-06-22,True
C00430,Title_430,Horror,Series,27,2021-09-12,True
C00431,Title_431,Comedy,Movie,102,2024-01-21,False
C00432,Title_432,Crime,Movie,164,2019-12-02,True
C00433,Title_433,Horror,Movie,153,2021-10-29,False
C00434,Title_434,Documentary,Series,48,2021-11-16,False
C00435,Title_435,Drama,Documentary,118,2024-02-08,True
C00436,Title_436,Sci-Fi,Series,39,2021-12-18,False
C00437,Title_437,Thriller,Movie,128,2023-10-10,False
C00438,Title_438,Comedy,Movie,96,2024-04-03,False
C00439,Title_439,Comedy,Series,49,2020-06-26,True
C00440,Title_440,Sci-Fi,Series,57,2023-03-01,False
C00441,Title_441,Crime,Series,26,2019-02-13,False
C00442,Title_442,Sci-Fi,Special,115,2024-09-04,False
C00443,Title_443,Comedy,Movie,80,2020-10-03,False
C00444,Title_444,Documentary,Movie,121,2022-12-22,True
C00445,Title_445,Action,Movie,145,2022-12-19,True
C00446,Title_446,Drama,Series,34,2022-12-22,True
C00447,Title_447,Comedy,Movie,177,2024-07-16,False
C00448,Title_448,Crime,Movie,92,2019-03-11,False
C00449,Title_449,Romance,Series,57,2024-10-16,False
C00450,Title_450,Horror,Movie,105,2023-05-17,False
C00451,Title_451,Romance,Series,22,2024-10-02,False
C00452,Title_452,Thriller,Movie,171,2023-09-12,False
C00453,Title_453,Comedy,Movie,150,2018-10-31,False
C00454,Title_454,Crime,Series,42,2019-08-21,False
C00455,Title_455,Thriller,Series,38,2019-11-03,True
C00456,Title_456,Animation,Movie,141,2019-07-28,False
C00457,Title_457,Comedy,Movie,120,2021-04-10,False
C00458,Title_458,Horror,Movie,123,2021-10-27,False
C00459,Title_459,Thriller,Series,28,2020-07-27,False
C00460,Title_460,Drama,Series,59,2022-01-04,True
C00461,Title_461,Animation,Movie,86,2020-03-26,False
C00462,Title_462,Drama,Series,28,2025-01-22,True
C00463,Title_463,Sci-Fi,Series,52,2021-03-02,False
C00464,Title_464,Animation,Movie,106,2024-10-17,True
C00465,Title_465,Drama,Series,43,2022-10-16,True
C00466,Title_466,Crime,Movie,82,2021-10-07,False
C00467,Title_467,Animation,Movie,109,2022-07-30,False
C00468,Title_468,Romance,Movie,173,2020-12-28,False
C00469,Title_469,Horror,Special,98,2020-06-05,True
C00470,Title_470,Documentary,Movie,174,2022-02-18,True
C00471,Title_471,Sci-Fi,Movie,100,2021-08-05,False
C00472,Title_472,Comedy,Series,52,2020-01-06,False
C00473,Title_473,Horror,Documentary,112,2020-02-08,False
C00474,Title_474,Horror,Movie,114,2020-06-09,False
C00475,Title_475,Comedy,Series,33,2022-04-23,False
C00476,Title_476,Horror,Series,40,2020-07-05,False
C00477,Title_477,Drama,Documentary,56,2018-08-06,False
C00478,Title_478,Crime,Documentary,47,2020-09-05,False
C00479,Title_479,Crime,Movie,107,2019-07-04,True
C00480,Title_480,Romance,Series,20,2025-01-10,True
C00481,Title_481,Animation,Series,51,2020-06-01,False
C00482,Title_482,Thriller,Series,48,2020-08-01,False
C00483,Title_483,Action,Movie,137,2023-11-25,False
C00484,Title_484,Crime,Special,116,2020-06-21,False
C00485,Title_485,Thriller,Special,94,2022-09-17,False
C00486,Title_486,Drama,Documentary,59,2024-12-03,False
C00487,Title_487,Sci-Fi,Movie,134,2023-03-31,True
C00488,Title_488,Horror,Movie,148,2021-08-30,False
C00489,Title_489,Documentary,Series,43,2022-01-10,False
C00490,Title_490,Drama,Series,52,2021-06-05,True
C00491,Title_491,Sci-Fi,Movie,97,2020-01-27,True
C00492,Title_492,Documentary,Movie,114,2025-03-31,True
C00493,Title_493,Horror,Movie,147,2018-06-26,False
C00494,Title_494,Sci-Fi,Series,30,2022-10-08,False
C00495,Title_495,Documentary,Series,25,2025-04-10,True
C00496,Title_496,Romance,Series,38,2020-11-21,True
C00497,Title_497,Horror,Series,57,2024-08-25,False
C00498,Title_498,Drama,Series,37,2024-12-16,False
C00499,Title_499,Comedy,Documentary,82,2021-03-18,True
C00500,Title_500,Comedy,Series,31,2020-06-03,False
C00501,Title_501,Crime,Movie,143,2018-11-26,False
C00502,Title_502,Comedy,Series,34,2023-08-10,False
C00503,Title_503,Comedy,Movie,144,2018-11-19,True
C00504,Title_504,Crime,Series,24,2022-08-16,True
C00505,Title_505,Horror,Special,77,2021-09-11,False
C00506,Title_506,Action,Series,57,2019-12-05,False
C00507,Title_507,Thriller,Special,54,2019-09-06,False
C00508,Title_508,Horror,Movie,120,2022-08-06,False
C00509,Title_509,Crime,Movie,175,2020-08-31,True
C00510,Title_510,Crime,Movie,97,2020-05-21,False
C00511,Title_511,Comedy,Movie,87,2023-10-02,False
C00512,Title_512,Animation,Movie,104,2023-11-02,False
C00513,Title_513,Sci-Fi,Movie,119,2021-04-07,True
C00514,Title_514,Action,Movie,156,2024-08-23,False
C00515,Title_515,Comedy,Movie,127,2022-08-01,True
C00516,Title_516,Action,Documentary,78,2021-04-20,False
C00517,Title_517,Crime,Series,58,2022-06-28,True
C00518,Title_518,Sci-Fi,Movie,175,2019-10-13,True
C00519,Title_519,Documentary,Movie,143,2023-06-01,True
C00520,Title_520,Horror,Movie,142,2024-11-05,False
C00521,Title_521,Drama,Movie,109,2018-05-17,True
C00522,Title_522,Crime,Special,67,2025-02-27,True
C00523,Title_523,Crime,Series,55,2020-08-18,False
C00524,Title_524,Sci-Fi,Series,20,2021-10-12,True
C00525,Title_525,Romance,Series,27,2019-05-18,False
C00526,Title_526,Comedy,Series,20,2024-04-04,False
C00527,Title_527,Comedy,Series,29,2020-12-19,True
C00528,Title_528,Romance,Movie,157,2019-06-09,False
C00529,Title_529,Comedy,Movie,132,2018-04-14,False
C00530,Title_530,Horror,Movie,94,2023-09-08,True
C00531,Title_531,Sci-Fi,Special,48,2020-06-14,False
C00532,Title_532,Romance,Movie,114,2021-07-25,False
C00533,Title_533,Comedy,Movie,155,2022-10-16,False
C00534,Title_534,Comedy,Special,50,2019-04-18,True
C00535,Title_535,Comedy,Series,51,2020-02-08,False
C00536,Title_536,Sci-Fi,Series,51,2018-12-12,True
C00537,Title_537,Romance,Series,24,2020-02-08,False
C00538,Title_538,Thriller,Documentary,77,2022-01-21,True
C00539,Title_539,Horror,Documentary,54,2023-08-02,False
C00540,Title_540,Romance,Documentary,100,2020-04-15,False
C00541,Title_541,Documentary,Series,29,2022-12-20,False
C00542,Title_542,Comedy,Movie,122,2019-04-04,True
C00543,Title_543,Thriller,Series,40,2020-11-10,False
C00544,Title_544,Crime,Series,26,2022-02-23,False
C00545,Title_545,Thriller,Series,29,2022-04-03,False
C00546,Title_546,Comedy,Special,56,2021-11-23,True
C00547,Title_547,Romance,Movie,121,2019-11-27,True
C00548,Title_548,Action,Series,20,2022-11-28,False
C00549,Title_549,Documentary,Movie,128,2018-05-15,False
C00550,Title_550,Documentary,Movie,110,2018-08-15,False
C00551,Title_551,Animation,Series,47,2022-10-01,False
C00552,Title_552,Animation,Movie,93,2021-10-17,False
C00553,Title_553,Horror,Documentary,103,2018-04-02,False
C00554,Title_554,Horror,Documentary,114,2018-01-23,True
C00555,Title_555,Romance,Documentary,72,2019-07-13,False
C00556,Title_556,Thriller,Movie,121,2024-10-26,True
C00557,Title_557,Romance,Series,35,2022-02-24,True
C00558,Title_558,Comedy,Documentary,86,2018-07-17,False
C00559,Title_559,Action,Special,82,2024-05-27,True
C00560,Title_560,Documentary,Movie,130,2024-07-10,False
C00561,Title_561,Documentary,Series,42,2021-04-15,False
C00562,Title_562,Animation,Documentary,107,2019-10-25,True
C00563,Title_563,Animation,Series,59,2023-12-15,True
C00564,Title_564,Documentary,Documentary,80,2021-12-13,True
C00565,Title_565,Romance,Series,42,2020-12-31,False
C00566,Title_566,Horror,Movie,157,2023-08-07,False
C00567,Title_567,Thriller,Documentary,76,2018-10-13,False
C00568,Title_568,Documentary,Series,41,2020-08-04,True
C00569,Title_569,Action,Movie,80,2019-12-16,False
C00570,Title_570,Documentary,Series,32,2021-02-14,False
C00571,Title_571,Comedy,Series,57,2018-02-13,True
C00572,Title_572,Horror,Series,33,2019-11-02,False
C00573,Title_573,Documentary,Series,26,2019-02-27,False
C00574,Title_574,Thriller,Movie,169,2020-12-11,False
C00575,Title_575,Thriller,Documentary,54,2022-08-11,False
C00576,Title_576,Crime,Series,26,2021-04-12,False
C00577,Title_577,Horror,Series,46,2024-05-31,True
C00578,Title_578,Horror,Series,36,2024-12-24,False
C00579,Title_579,Animation,Series,53,2024-03-07,True
C00580,Title_580,Drama,Series,30,2021-01-07,False
C00581,Title_581,Documentary,Movie,156,2023-04-02,True
C00582,Title_582,Thriller,Series,58,2021-09-18,True
C00583,Title_583,Sci-Fi,Series,22,2018-05-12,True
C00584,Title_584,Horror,Series,42,2020-06-29,False
C00585,Title_585,Thriller,Special,54,2019-07-19,False
C00586,Title_586,Action,Documentary,42,2024-12-07,True
C00587,Title_587,Documentary,Movie,153,2024-05-22,False
C00588,Title_588,Crime,Movie,136,2020-03-29,False
C00589,Title_589,Action,Series,44,2022-04-19,False
C00590,Title_590,Action,Movie,165,2018-10-21,False
C00591,Title_591,Sci-Fi,Special,60,2023-03-06,False
C00592,Title_592,Action,Series,51,2023-04-29,False
C00593,Title_593,Crime,Series,56,2024-02-26,False
C00594,Title_594,Documentary,Movie,171,2020-08-13,False
C00595,Title_595,Crime,Movie,103,2021-05-01,False
C00596,Title_596,Drama,Movie,124,2022-09-11,True
C00597,Title_597,Sci-Fi,Movie,172,2023-02-12,False
C00598,Title_598,Thriller,Series,51,2024-01-07,False
C00599,Title_599,Drama,Special,71,2020-09-24,False
C00600,Title_600,Animation,Movie,108,2018-04-27,False
C00601,Title_601,Comedy,Documentary,69,2025-05-09,False
C00602,Title_602,Documentary,Movie,91,2024-08-04,True
C00603,Title_603,Drama,Series,43,2025-02-11,True
C00604,Title_604,Romance,Series,51,2025-04-08,False
C00605,Title_605,Comedy,Movie,150,2023-06-01,False
C00606,Title_606,Thriller,Movie,149,2024-05-14,True
C00607,Title_607,Thriller,Series,34,2022-11-12,True
C00608,Title_608,Comedy,Series,41,2022-12-02,False
C00609,Title_609,Thriller,Series,53,2022-03-05,False
C00610,Title_610,Drama,Special,112,2024-06-14,False
C00611,Title_611,Comedy,Series,21,2023-01-18,True
C00612,Title_612,Comedy,Movie,106,2021-05-27,False
C00613,Title_613,Comedy,Documentary,95,2024-07-22,True
C00614,Title_614,Sci-Fi,Series,20,2022-02-11,False
C00615,Title_615,Sci-Fi,Movie,132,2018-09-02,False
C00616,Title_616,Documentary,Series,45,2019-03-11,True
C00617,Title_617,Comedy,Movie,89,2019-05-15,True
C00618,Title_618,Documentary,Special,57,2019-12-13,True
C00619,Title_619,Romance,Series,42,2025-01-23,False
C00620,Title_620,Drama,Movie,94,2020-10-11,False
C00621,Title_621,Sci-Fi,Series,30,2021-07-31,False
C00622,Title_622,Thriller,Movie,161,2021-11-02,False
C00623,Title_623,Sci-Fi,Movie,141,2020-02-29,True
C00624,Title_624,Romance,Movie,123,2020-12-18,False
C00625,Title_625,Thriller,Series,35,2021-05-05,False
C00626,Title_626,Crime,Movie,102,2022-07-27,False
C00627,Title_627,Crime,Movie,89,2024-03-27,False
C00628,Title_628,Documentary,Movie,85,2024-03-24,True
C00629,Title_629,Comedy,Movie,96,2024-03-22,True
C00630,Title_630,Thriller,Series,30,2018-08-13,False
C00631,Title_631,Animation,Series,42,2023-11-09,False
C00632,Title_632,Comedy,Movie,128,2022-03-20,False
C00633,Title_633,Crime,Movie,146,2022-04-08,False
C00634,Title_634,Comedy,Movie,144,2018-10-01,False
C00635,Title_635,Crime,Special,45,2021-10-13,False
C00636,Title_636,Action,Movie,147,2021-06-02,True
C00637,Title_637,Action,Series,48,2020-10-22,False
C00638,Title_638,Documentary,Documentary,50,2018-07-07,False
C00639,Title_639,Drama,Special,46,2022-04-17,False
C00640,Title_640,Action,Series,27,2023-02-27,True
C00641,Title_641,Comedy,Movie,160,2020-03-29,True
C00642,Title_642,Thriller,Movie,114,2023-12-12,False
C00643,Title_643,Thriller,Movie,96,2022-07-12,False
C00644,Title_644,Horror,Movie,83,2019-03-29,False
C00645,Title_645,Crime,Documentary,57,2019-07-18,True
C00646,Title_646,Horror,Series,23,2018-10-02,False
C00647,Title_647,Animation,Series,58,2024-11-16,False
C00648,Title_648,Animation,Series,49,2022-08-24,True
C00649,Title_649,Sci-Fi,Movie,149,2019-05-02,True
C00650,Title_650,Documentary,Movie,124,2023-09-10,False
C00651,Title_651,Documentary,Movie,177,2023-09-11,False
C00652,Title_652,Comedy,Movie,119,2021-11-16,False
C00653,Title_653,Action,Series,32,2022-10-29,True
C00654,Title_654,Horror,Movie,154,2022-12-20,False
C00655,Title_655,Crime,Movie,89,2021-07-26,False
C00656,Title_656,Romance,Series,39,2021-04-19,False
C00657,Title_657,Sci-Fi,Series,57,2021-04-03,False
C00658,Title_658,Thriller,Movie,81,2020-11-03,False
C00659,Title_659,Crime,Series,42,2020-05-23,False
C00660,Title_660,Sci-Fi,Documentary,110,2024-09-23,False
C00661,Title_661,Comedy,Movie,92,2021-08-10,True
C00662,Title_662,Sci-Fi,Special,78,2020-09-16,False
C00663,Title_663,Horror,Series,31,2020-04-09,False
C00664,Title_664,Action,Movie,144,2022-08-05,False
C00665,Title_665,Comedy,Documentary,109,2022-11-11,False
C00666,Title_666,Drama,Series,35,2023-04-23,False
C00667,Title_667,Animation,Series,51,2022-10-14,False
C00668,Title_668,Documentary,Series,55,2020-04-17,True
C00669,Title_669,Action,Movie,168,2025-05-17,False
C00670,Title_670,Animation,Movie,86,2021-03-28,False
C00671,Title_671,Crime,Series,50,2021-07-12,False
C00672,Title_672,Crime,Special,105,2021-09-10,False
C00673,Title_673,Horror,Movie,167,2020-07-09,False
C00674,Title_674,Animation,Documentary,46,2021-01-28,True
C00675,Title_675,Sci-Fi,Special,97,2022-03-23,True
C00676,Title_676,Sci-Fi,Movie,168,2025-02-15,False
C00677,Title_677,Action,Movie,140,2023-06-10,False
C00678,Title_678,Horror,Series,29,2024-03-21,True
C00679,Title_679,Documentary,Movie,82,2019-12-29,False
C00680,Title_680,Action,Series,26,2022-08-04,True
C00681,Title_681,Crime,Movie,138,2024-09-22,False
C00682,Title_682,Sci-Fi,Movie,137,2021-08-25,False
C00683,Title_683,Horror,Series,44,2025-02-03,False
C00684,Title_684,Drama,Series,45,2023-03-15,False
C00685,Title_685,Comedy,Series,45,2020-03-27,False
C00686,Title_686,Action,Series,37,2018-11-05,False
C00687,Title_687,Crime,Series,57,2019-07-31,True
C00688,Title_688,Drama,Movie,178,2022-06-14,True
C00689,Title_689,Documentary,Movie,170,2021-07-01,False
C00690,Title_690,Drama,Special,72,2025-06-13,True
C00691,Title_691,Drama,Movie,135,2022-12-23,False
C00692,Title_692,Thriller,Series,59,2018-10-28,False
C00693,Title_693,Drama,Movie,85,2025-02-12,True
C00694,Title_694,Drama,Series,29,2022-10-28,False
C00695,Title_695,Drama,Movie,146,2021-06-19,False
C00696,Title_696,Comedy,Movie,147,2024-06-08,True
C00697,Title_697,Thriller,Special,85,2023-09-29,False
C00698,Title_698,Drama,Series,26,2022-08-10,False
C00699,Title_699,Animation,Series,54,2019-12-21,False
C00700,Title_700,Thriller,Series,59,2022-12-21,False
C00701,Title_701,Sci-Fi,Movie,146,2024-02-19,True
C00702,Title_702,Romance,Series,22,2022-12-10,False
C00703,Title_703,Crime,Series,30,2023-03-16,False
C00704,Title_704,Crime,Movie,91,2021-08-17,True
C00705,Title_705,Sci-Fi,Series,31,2019-04-19,False
C00706,Title_706,Horror,Movie,80,2025-01-23,True
C00707,Title_707,Sci-Fi,Series,41,2021-07-05,False
C00708,Title_708,Action,Series,39,2021-10-01,False
C00709,Title_709,Documentary,Movie,160,2021-01-03,True
C00710,Title_710,Documentary,Movie,111,2018-10-12,False
C00711,Title_711,Thriller,Series,49,2020-07-26,False
C00712,Title_712,Romance,Series,59,2022-11-10,False
C00713,Title_713,Action,Series,50,2023-06-25,False
C00714,Title_714,Animation,Series,39,2021-08-28,False
C00715,Title_715,Romance,Series,21,2018-09-18,False
C00716,Title_716,Horror,Movie,86,2022-01-01,False
C00717,Title_717,Action,Movie,87,2024-07-24,False
C00718,Title_718,Thriller,Movie,102,2020-10-20,False
C00719,Title_719,Horror,Movie,86,2019-08-09,True
C00720,Title_720,Thriller,Documentary,51,2022-12-26,False
C00721,Title_721,Action,Movie,127,2019-02-20,True
C00722,Title_722,Drama,Movie,166,2024-06-13,False
C00723,Title_723,Sci-Fi,Movie,161,2022-01-08,False
C00724,Title_724,Drama,Movie,167,2025-03-30,True
C00725,Title_725,Romance,Movie,156,2020-08-14,True
C00726,Title_726,Documentary,Series,26,2018-02-18,True
C00727,Title_727,Horror,Movie,87,2023-10-23,False
C00728,Title_728,Horror,Movie,124,2023-08-15,True
C00729,Title_729,Drama,Movie,166,2023-11-21,True
C00730,Title_730,Animation,Series,21,2024-04-08,False
C00731,Title_731,Thriller,Movie,98,2021-08-23,True
C00732,Title_732,Documentary,Series,35,2022-06-25,True
C00733,Title_733,Crime,Movie,89,2024-03-29,True
C00734,Title_734,Drama,Series,37,2020-09-18,True
C00735,Title_735,Crime,Movie,89,2021-10-04,False
C00736,Title_736,Action,Movie,151,2022-11-24,True
C00737,Title_737,Drama,Series,43,2021-01-06,False
C00738,Title_738,Animation,Documentary,53,2019-03-02,False
C00739,Title_739,Comedy,Movie,137,2024-09-23,True
C00740,Title_740,Drama,Series,33,2021-12-24,True
C00741,Title_741,Animation,Movie,86,2024-10-24,False
C00742,Title_742,Romance,Series,20,2022-09-16,False
C00743,Title_743,Crime,Series,45,2018-11-18,False
C00744,Title_744,Horror,Documentary,41,2019-06-14,True
C00745,Title_745,Crime,Series,23,2019-04-04,False
C00746,Title_746,Romance,Movie,94,2019-08-08,False
C00747,Title_747,Sci-Fi,Movie,98,2023-07-08,False
C00748,Title_748,Action,Movie,90,2023-11-25,True
C00749,Title_749,Action,Series,35,2022-10-13,True
C00750,Title_750,Horror,Series,56,2021-04-30,False
C00751,Title_751,Horror,Series,35,2020-04-02,True
C00752,Title_752,Animation,Movie,127,2021-06-26,False
C00753,Title_753,Animation,Series,39,2019-11-20,True
C00754,Title_754,Drama,Series,36,2024-01-18,False
C00755,Title_755,Sci-Fi,Movie,144,2025-06-22,True
C00756,Title_756,Action,Movie,94,2021-05-01,True
C00757,Title_757,Horror,Series,30,2023-05-15,False
C00758,Title_758,Horror,Series,48,2019-11-28,True
C00759,Title_759,Animation,Movie,98,2025-05-03,True
C00760,Title_760,Animation,Series,40,2023-01-07,True
C00761,Title_761,Action,Series,58,2021-08-31,True
C00762,Title_762,Sci-Fi,Movie,175,2024-01-25,False
C00763,Title_763,Thriller,Series,56,2024-02-24,True
C00764,Title_764,Thriller,Documentary,92,2019-11-04,False
C00765,Title_765,Romance,Movie,105,2020-03-07,False
C00766,Title_766,Romance,Movie,153,2022-03-02,False
C00767,Title_767,Animation,Series,45,2023-05-08,True
C00768,Title_768,Drama,Movie,161,2022-04-15,True
C00769,Title_769,Animation,Movie,140,2025-06-15,True
C00770,Title_770,Crime,Movie,137,2021-11-19,True
C00771,Title_771,Drama,Documentary,50,2019-08-17,True
C00772,Title_772,Crime,Series,36,2025-01-13,False
C00773,Title_773,Romance,Series,59,2020-10-17,False
C00774,Title_774,Crime,Movie,99,2023-09-30,True
C00775,Title_775,Crime,Movie,139,2018-04-12,True
C00776,Title_776,Horror,Movie,140,2021-06-17,True
C00777,Title_777,Romance,Series,40,2019-06-07,False
C00778,Title_778,Documentary,Movie,128,2024-03-07,False
C00779,Title_779,Romance,Movie,96,2018-10-03,False
C00780,Title_780,Drama,Series,41,2018-08-02,False
C00781,Title_781,Comedy,Movie,99,2020-08-10,False
C00782,Title_782,Drama,Series,51,2023-01-30,True
C00783,Title_783,Comedy,Movie,176,2022-12-09,True
C00784,Title_784,Thriller,Series,54,2018-04-18,False
C00785,Title_785,Sci-Fi,Movie,101,2018-10-15,False
C00786,Title_786,Drama,Documentary,116,2023-08-14,True
C00787,Title_787,Action,Movie,132,2025-01-17,False
C00788,Title_788,Action,Movie,139,2021-06-13,True
C00789,Title_789,Comedy,Series,34,2023-12-04,False
C00790,Title_790,Documentary,Documentary,44,2020-01-09,False
C00791,Title_791,Horror,Movie,114,2018-04-02,False
C00792,Title_792,Horror,Series,32,2022-01-26,True
C00793,Title_793,Comedy,Movie,111,2023-04-02,True
C00794,Title_794,Drama,Movie,168,2019-05-03,False
C00795,Title_795,Action,Series,57,2021-12-18,False
C00796,Title_796,Horror,Series,48,2020-05-08,False
C00797,Title_797,Romance,Series,35,2018-09-25,False
C00798,Title_798,Action,Movie,136,2024-10-09,False
C00799,Title_799,Sci-Fi,Series,56,2019-03-04,True
C00800,Title_800,Comedy,Series,35,2023-08-13,False
C00801,Title_801,Romance,Special,112,2020-09-26,True
C00802,Title_802,Drama,Movie,89,2024-01-28,True
C00803,Title_803,Comedy,Movie,110,2019-10-09,True
C00804,Title_804,Drama,Movie,98,2022-02-13,False
C00805,Title_805,Crime,Series,52,2023-12-07,True
C00806,Title_806,Comedy,Movie,127,2022-05-22,False
C00807,Title_807,Drama,Series,48,2021-05-03,False
C00808,Title_808,Sci-Fi,Movie,139,2023-01-27,False
C00809,Title_809,Documentary,Movie,160,2020-08-23,False
C00810,Title_810,Animation,Series,57,2019-06-26,True
C00811,Title_811,Sci-Fi,Series,51,2021-03-18,False
C00812,Title_812,Romance,Documentary,43,2025-06-29,True
C00813,Title_813,Comedy,Series,57,2020-10-04,True
C00814,Title_814,Comedy,Movie,144,2023-01-19,True
C00815,Title_815,Action,Series,25,2020-09-01,True
C00816,Title_816,Animation,Movie,129,2021-12-13,False
C00817,Title_817,Documentary,Series,34,2021-01-20,True
C00818,Title_818,Comedy,Series,36,2021-08-31,False
C00819,Title_819,Comedy,Movie,166,2021-05-28,True
C00820,Title_820,Action,Series,20,2018-12-30,False
C00821,Title_821,Horror,Movie,165,2022-01-13,False
C00822,Title_822,Crime,Series,22,2020-01-10,False
C00823,Title_823,Animation,Series,36,2018-08-22,False
C00824,Title_824,Sci-Fi,Movie,103,2019-08-08,False
C00825,Title_825,Horror,Special,73,2024-01-01,False
C00826,Title_826,Action,Series,30,2024-02-24,True
C00827,Title_827,Drama,Special,91,2023-08-24,True
C00828,Title_828,Drama,Movie,105,2022-08-03,False
C00829,Title_829,Crime,Movie,80,2018-07-23,False
C00830,Title_830,Thriller,Series,46,2019-06-03,True
C00831,Title_831,Action,Series,37,2022-07-11,True
C00832,Title_832,Sci-Fi,Series,42,2024-10-28,False
C00833,Title_833,Animation,Special,111,2020-04-28,True
C00834,Title_834,Animation,Movie,143,2021-09-09,False
C00835,Title_835,Romance,Series,32,2020-04-27,True
C00836,Title_836,Horror,Movie,171,2022-08-09,False
C00837,Title_837,Crime,Movie,84,2021-03-28,False
C00838,Title_838,Sci-Fi,Documentary,65,2024-05-18,True
C00839,Title_839,Documentary,Series,54,2024-11-30,False
C00840,Title_840,Action,Movie,161,2020-05-08,True
C00841,Title_841,Action,Series,39,2023-05-04,False
C00842,Title_842,Documentary,Series,43,2023-06-14,False
C00843,Title_843,Sci-Fi,Movie,138,2021-02-07,False
C00844,Title_844,Thriller,Movie,80,2023-10-05,False
C00845,Title_845,Crime,Series,21,2024-08-17,True
C00846,Title_846,Horror,Series,32,2025-02-15,True
C00847,Title_847,Drama,Series,22,2020-01-04,False
C00848,Title_848,Animation,Series,58,2025-03-21,False
C00849,Title_849,Horror,Special,71,2019-06-21,False
C00850,Title_850,Action,Movie,131,2023-10-03,False
C00851,Title_851,Comedy,Movie,101,2025-04-18,False
C00852,Title_852,Sci-Fi,Series,33,2023-01-02,False
C00853,Title_853,Comedy,Movie,84,2022-12-23,False
C00854,Title_854,Comedy,Series,57,2024-11-07,False
C00855,Title_855,Romance,Movie,159,2023-01-18,True
C00856,Title_856,Romance,Movie,91,2019-09-17,True
C00857,Title_857,Crime,Movie,118,2020-09-23,False
C00858,Title_858,Animation,Movie,163,2022-09-18,False
C00859,Title_859,Romance,Series,50,2024-04-27,False
C00860,Title_860,Comedy,Documentary,111,2022-03-15,False
C00861,Title_861,Action,Series,25,2019-02-24,False
C00862,Title_862,Romance,Movie,125,2024-03-06,False
C00863,Title_863,Sci-Fi,Movie,97,2021-11-06,False
C00864,Title_864,Documentary,Movie,86,2025-04-20,False
C00865,Title_865,Sci-Fi,Series,46,2020-07-26,False
C00866,Title_866,Documentary,Series,47,2025-02-09,False
C00867,Title_867,Comedy,Special,62,2023-01-07,False
C00868,Title_868,Romance,Series,36,2019-10-12,True
C00869,Title_869,Romance,Series,34,2023-06-20,True
C00870,Title_870,Romance,Movie,96,2024-01-26,False
C00871,Title_871,Horror,Movie,156,2025-02-02,False
C00872,Title_872,Crime,Movie,152,2023-04-21,False
C00873,Title_873,Comedy,Special,108,2023-12-30,False
C00874,Title_874,Sci-Fi,Movie,126,2019-01-23,False
C00875,Title_875,Horror,Movie,151,2021-10-18,False
C00876,Title_876,Drama,Series,46,2023-09-21,True
C00877,Title_877,Sci-Fi,Series,32,2020-12-04,False
C00878,Title_878,Romance,Movie,155,2025-01-13,False
C00879,Title_879,Crime,Movie,155,2018-10-11,True
C00880,Title_880,Drama,Movie,112,2024-01-27,False
C00881,Title_881,Documentary,Series,41,2023-01-14,False
C00882,Title_882,Horror,Series,49,2025-03-04,False
C00883,Title_883,Crime,Series,22,2023-12-21,False
C00884,Title_884,Action,Movie,119,2019-04-01,False
C00885,Title_885,Sci-Fi,Movie,175,2019-12-24,False
C00886,Title_886,Drama,Movie,83,2022-12-06,True
C00887,Title_887,Animation,Series,22,2020-06-01,False
C00888,Title_888,Thriller,Movie,170,2019-03-12,True
C00889,Title_889,Comedy,Movie,172,2020-10-30,False
C00890,Title_890,Sci-Fi,Series,46,2024-12-01,False
C00891,Title_891,Action,Documentary,54,2022-05-22,False
C00892,Title_892,Action,Series,53,2023-12-02,True
C00893,Title_893,Horror,Series,27,2022-02-04,True
C00894,Title_894,Thriller,Series,44,2024-01-16,False
C00895,Title_895,Romance,Movie,98,2019-02-06,False
C00896,Title_896,Thriller,Documentary,77,2020-06-30,False
C00897,Title_897,Horror,Series,30,2022-08-21,True
C00898,Title_898,Animation,Documentary,100,2020-04-17,False
C00899,Title_899,Animation,Series,46,2025-04-27,True
C00900,Title_900,Thriller,Movie,116,2023-09-08,False
C00901,Title_901,Thriller,Movie,91,2021-05-20,False
C00902,Title_902,Drama,Movie,163,2019-12-24,False
C00903,Title_903,Drama,Movie,115,2022-09-18,True
C00904,Title_904,Sci-Fi,Series,42,2020-10-30,False
C00905,Title_905,Thriller,Series,40,2020-10-15,True
C00906,Title_906,Action,Documentary,71,2019-08-11,False
C00907,Title_907,Sci-Fi,Series,26,2020-10-22,True
C00908,Title_908,Romance,Series,32,2024-02-20,True
C00909,Title_909,Comedy,Movie,91,2020-02-06,False
C00910,Title_910,Action,Series,54,2024-12-05,True
C00911,Title_911,Sci-Fi,Series,36,2018-10-27,True
C00912,Title_912,Horror,Movie,104,2018-09-25,True
C00913,Title_913,Animation,Movie,151,2023-10-16,False
C00914,Title_914,Action,Series,29,2021-12-27,False
C00915,Title_915,Drama,Series,35,2024-05-15,True
C00916,Title_916,Romance,Documentary,99,2024-10-13,False
C00917,Title_917,Crime,Movie,86,2020-07-26,False
C00918,Title_918,Romance,Movie,125,2019-08-09,True
C00919,Title_919,Horror,Movie,127,2024-11-26,False
C00920,Title_920,Comedy,Series,35,2019-05-29,True
C00921,Title_921,Documentary,Movie,141,2025-03-29,False
C00922,Title_922,Drama,Documentary,62,2023-02-24,True
C00923,Title_923,Comedy,Documentary,53,2019-01-31,True
C00924,Title_924,Sci-Fi,Movie,173,2019-07-19,False
C00925,Title_925,Animation,Movie,145,2024-03-09,False
C00926,Title_926,Crime,Movie,136,2022-10-28,False
C00927,Title_927,Animation,Documentary,49,2018-10-02,False
C00928,Title_928,Thriller,Movie,157,2022-06-12,True
C00929,Title_929,Drama,Movie,153,2021-05-01,False
C00930,Title_930,Thriller,Series,35,2025-02-16,True
C00931,Title_931,Sci-Fi,Series,50,2021-03-19,False
C00932,Title_932,Horror,Movie,141,2020-04-03,True
C00933,Title_933,Documentary,Special,44,2018-09-30,False
C00934,Title_934,Horror,Movie,104,2023-11-02,True
C00935,Title_935,Comedy,Series,44,2020-02-04,False
C00936,Title_936,Documentary,Series,45,2021-09-21,True
C00937,Title_937,Crime,Series,53,2018-08-08,False
C00938,Title_938,Horror,Movie,174,2020-11-11,True
C00939,Title_939,Sci-Fi,Movie,157,2019-01-04,True
C00940,Title_940,Romance,Movie,148,2018-03-18,False
C00941,Title_941,Thriller,Movie,168,2018-07-23,False
C00942,Title_942,Drama,Series,41,2022-12-17,True
C00943,Title_943,Romance,Series,51,2019-10-30,False
C00944,Title_944,Thriller,Series,25,2019-10-27,True
C00945,Title_945,Thriller,Series,21,2020-01-01,True
C00946,Title_946,Romance,Series,26,2018-06-13,True
C00947,Title_947,Drama,Series,30,2018-09-24,False
C00948,Title_948,Crime,Series,29,2019-05-21,False
C00949,Title_949,Crime,Movie,157,2019-04-08,True
C00950,Title_950,Action,Movie,105,2019-07-21,False
C00951,Title_951,Documentary,Movie,165,2020-12-01,True
C00952,Title_952,Crime,Series,57,2019-06-20,True
C00953,Title_953,Horror,Movie,157,2021-10-22,True
C00954,Title_954,Animation,Movie,115,2024-08-01,False
C00955,Title_955,Animation,Series,54,2020-12-16,False
C00956,Title_956,Action,Series,32,2020-03-07,False
C00957,Title_957,Action,Movie,159,2024-10-21,False
C00958,Title_958,Action,Movie,168,2018-05-07,False
C00959,Title_959,Sci-Fi,Special,71,2022-04-18,False
C00960,Title_960,Romance,Movie,121,2025-06-06,False
C00961,Title_961,Thriller,Series,30,2022-12-16,False
C00962,Title_962,Horror,Movie,109,2021-08-15,False
C00963,Title_963,Crime,Movie,143,2018-10-24,False
C00964,Title_964,Romance,Series,42,2022-01-27,False
C00965,Title_965,Animation,Movie,174,2023-10-24,True
C00966,Title_966,Action,Movie,96,2020-10-29,False
C00967,Title_967,Animation,Series,23,2023-07-20,False
C00968,Title_968,Documentary,Movie,85,2020-10-18,False
C00969,Title_969,Sci-Fi,Series,32,2021-08-15,False
C00970,Title_970,Romance,Movie,80,2022-11-26,False
C00971,Title_971,Animation,Series,33,2023-03-01,False
C00972,Title_972,Animation,Series,39,2018-06-29,True
C00973,Title_973,Thriller,Series,56,2021-02-12,True
C00974,Title_974,Crime,Movie,165,2025-03-08,True
C00975,Title_975,Romance,Documentary,73,2021-09-27,True
C00976,Title_976,Action,Series,22,2018-04-25,False
C00977,Title_977,Animation,Movie,146,2022-02-02,False
C00978,Title_978,Action,Special,50,2024-05-03,False
C00979,Title_979,Comedy,Series,51,2020-12-16,True
C00980,Title_980,Action,Series,31,2018-05-16,False
C00981,Title_981,Sci-Fi,Movie,178,2020-03-31,False
C00982,Title_982,Thriller,Movie,81,2021-10-03,False
C00983,Title_983,Thriller,Series,42,2024-02-06,True
C00984,Title_984,Comedy,Documentary,105,2019-09-01,False
C00985,Title_985,Comedy,Special,95,2019-09-12,True
C00986,Title_986,Romance,Special,105,2024-03-13,False
C00987,Title_987,Animation,Series,28,2019-03-19,False
C00988,Title_988,Animation,Movie,168,2024-05-01,True
C00989,Title_989,Documentary,Series,48,2022-11-26,False
C00990,Title_990,Crime,Movie,117,2023-12-19,False
C00991,Title_991,Animation,Series,38,2019-12-04,False
C00992,Title_992,Thriller,Movie,91,2021-03-21,False
C00993,Title_993,Drama,Series,51,2020-03-28,False
C00994,Title_994,Action,Series,34,2022-05-31,True
C00995,Title_995,Romance,Documentary,51,2018-08-17,True
C00996,Title_996,Romance,Series,33,2018-04-12,False
C00997,Title_997,Comedy,Movie,154,2023-05-19,True
C00998,Title_998,Action,Movie,116,2023-02-17,True
C00999,Title_999,Crime,Documentary,68,2019-09-24,False
C01000,Title_1000,Comedy,Series,31,2023-02-09,False
C01001,Title_1001,Drama,Movie,145,2020-11-24,False
C01002,Title_1002,Crime,Series,55,2024-10-31,False
C01003,Title_1003,Comedy,Series,31,2023-12-19,True
C01004,Title_1004,Drama,Series,52,2022-04-07,True
C01005,Title_1005,Thriller,Series,45,2025-03-26,False
C01006,Title_1006,Sci-Fi,Series,42,2023-05-23,False
C01007,Title_1007,Documentary,Series,32,2023-08-17,True
C01008,Title_1008,Romance,Series,56,2022-11-01,False
C01009,Title_1009,Action,Movie,167,2019-09-21,False
C01010,Title_1010,Romance,Series,47,2018-12-24,False
C01011,Title_1011,Comedy,Series,53,2024-02-07,True
C01012,Title_1012,Romance,Special,43,2025-06-24,False
C01013,Title_1013,Romance,Series,44,2023-04-15,False
C01014,Title_1014,Action,Movie,89,2022-06-20,False
C01015,Title_1015,Thriller,Documentary,82,2023-02-12,True
C01016,Title_1016,Crime,Movie,142,2018-12-04,False
C01017,Title_1017,Drama,Series,35,2018-07-09,True
C01018,Title_1018,Documentary,Movie,134,2024-06-21,True
C01019,Title_1019,Thriller,Series,35,2022-03-10,True
C01020,Title_1020,Crime,Series,49,2018-10-01,False
C01021,Title_1021,Horror,Series,47,2020-12-22,True
C01022,Title_1022,Drama,Movie,135,2022-01-31,False
C01023,Title_1023,Crime,Series,36,2022-05-06,False
C01024,Title_1024,Horror,Series,39,2021-06-25,False
C01025,Title_1025,Comedy,Movie,131,2018-01-30,False
C01026,Title_1026,Sci-Fi,Movie,140,2020-01-29,True
C01027,Title_1027,Sci-Fi,Documentary,93,2018-11-19,False
C01028,Title_1028,Thriller,Series,39,2020-06-27,False
C01029,Title_1029,Thriller,Movie,114,2019-11-06,False
C01030,Title_1030,Romance,Special,114,2022-06-26,False
C01031,Title_1031,Comedy,Series,41,2022-10-12,False
C01032,Title_1032,Drama,Series,39,2020-12-25,True
C01033,Title_1033,Crime,Series,51,2019-01-15,False
C01034,Title_1034,Horror,Series,48,2024-07-21,False
C01035,Title_1035,Crime,Series,42,2025-02-20,False
C01036,Title_1036,Sci-Fi,Movie,159,2021-01-03,True
C01037,Title_1037,Thriller,Documentary,86,2018-01-10,False
C01038,Title_1038,Animation,Series,38,2019-04-22,False
C01039,Title_1039,Documentary,Movie,170,2021-03-04,True
C01040,Title_1040,Animation,Movie,172,2023-07-05,False
C01041,Title_1041,Documentary,Series,41,2023-09-03,True
C01042,Title_1042,Comedy,Series,29,2022-02-15,True
C01043,Title_1043,Thriller,Movie,120,2021-10-27,False
C01044,Title_1044,Drama,Documentary,47,2020-10-01,False
C01045,Title_1045,Crime,Series,20,2020-01-27,False
C01046,Title_1046,Crime,Special,101,2018-01-29,False
C01047,Title_1047,Action,Movie,105,2024-06-25,False
C01048,Title_1048,Thriller,Movie,161,2024-12-15,True
C01049,Title_1049,Horror,Documentary,103,2019-09-27,False
C01050,Title_1050,Sci-Fi,Series,58,2023-10-16,False
C01051,Title_1051,Sci-Fi,Movie,103,2020-10-04,True
C01052,Title_1052,Romance,Series,39,2019-09-24,True
C01053,Title_1053,Crime,Movie,92,2021-10-10,False
C01054,Title_1054,Drama,Movie,174,2020-03-26,False
C01055,Title_1055,Comedy,Documentary,78,2023-02-11,True
C01056,Title_1056,Horror,Series,28,2022-08-29,True
C01057,Title_1057,Animation,Documentary,93,2018-08-15,True
C01058,Title_1058,Animation,Series,20,2021-01-22,False
C01059,Title_1059,Drama,Series,30,2021-05-12,False
C01060,Title_1060,Action,Series,41,2024-08-20,True
C01061,Title_1061,Comedy,Series,23,2020-06-12,True
C01062,Title_1062,Documentary,Series,40,2018-08-20,False
C01063,Title_1063,Sci-Fi,Movie,125,2020-05-02,False
C01064,Title_1064,Animation,Series,39,2024-11-18,True
C01065,Title_1065,Drama,Documentary,80,2020-10-29,False
C01066,Title_1066,Action,Movie,96,2019-08-19,True
C01067,Title_1067,Drama,Movie,115,2023-03-05,True
C01068,Title_1068,Thriller,Documentary,118,2020-08-02,False
C01069,Title_1069,Romance,Movie,152,2018-03-13,False
C01070,Title_1070,Action,Documentary,114,2019-03-22,True
C01071,Title_1071,Action,Series,37,2018-08-12,True
C01072,Title_1072,Action,Series,40,2018-05-09,False
C01073,Title_1073,Romance,Movie,93,2024-01-20,False
C01074,Title_1074,Sci-Fi,Series,47,2018-08-31,False
C01075,Title_1075,Documentary,Movie,154,2024-10-29,False
C01076,Title_1076,Documentary,Movie,130,2019-11-01,False
C01077,Title_1077,Documentary,Movie,137,2018-08-26,True
C01078,Title_1078,Thriller,Series,30,2020-06-23,False
C01079,Title_1079,Thriller,Series,45,2021-11-05,True
C01080,Title_1080,Drama,Movie,118,2022-10-04,False
C01081,Title_1081,Romance,Series,42,2023-04-18,True
C01082,Title_1082,Crime,Series,27,2022-03-30,False
C01083,Title_1083,Documentary,Series,39,2018-02-02,False
C01084,Title_1084,Horror,Series,53,2019-08-27,False
C01085,Title_1085,Sci-Fi,Movie,92,2024-01-21,True
C01086,Title_1086,Thriller,Series,20,2024-06-18,False
C01087,Title_1087,Drama,Series,43,2021-05-27,False
C01088,Title_1088,Drama,Movie,122,2021-09-10,True
C01089,Title_1089,Documentary,Movie,168,2021-09-11,False
C01090,Title_1090,Thriller,Series,27,2024-06-03,False
C01091,Title_1091,Action,Movie,135,2023-03-29,True
C01092,Title_1092,Sci-Fi,Movie,141,2019-06-11,True
C01093,Title_1093,Comedy,Series,37,2020-08-03,False
C01094,Title_1094,Crime,Movie,134,2021-10-01,False
C01095,Title_1095,Drama,Movie,109,2024-10-19,True
C01096,Title_1096,Sci-Fi,Movie,107,2024-09-10,False
C01097,Title_1097,Thriller,Series,51,2020-04-10,True
C01098,Title_1098,Drama,Movie,120,2018-12-21,False
C01099,Title_1099,Comedy,Series,42,2024-10-26,False
C01100,Title_1100,Crime,Series,43,2023-03-28,True
C01101,Title_1101,Documentary,Series,38,2018-01-14,True
C01102,Title_1102,Horror,Movie,169,2018-09-13,False
C01103,Title_1103,Animation,Series,37,2020-12-09,False
C01104,Title_1104,Action,Movie,132,2022-01-20,False
C01105,Title_1105,Action,Series,49,2019-09-27,True
C01106,Title_1106,Crime,Series,53,2022-10-03,False
C01107,Title_1107,Thriller,Series,58,2022-02-28,False
C01108,Title_1108,Thriller,Movie,163,2020-05-27,False
C01109,Title_1109,Documentary,Movie,146,2019-10-17,True
C01110,Title_1110,Thriller,Documentary,70,2020-11-20,True
C01111,Title_1111,Romance,Series,46,2019-12-10,False
C01112,Title_1112,Sci-Fi,Series,24,2023-09-01,True
C01113,Title_1113,Crime,Movie,156,2021-05-26,False
C01114,Title_1114,Romance,Movie,153,2024-03-29,False
C01115,Title_1115,Sci-Fi,Series,25,2021-06-06,True
C01116,Title_1116,Documentary,Series,22,2024-06-27,True
C01117,Title_1117,Drama,Series,51,2021-04-07,False
C01118,Title_1118,Thriller,Series,29,2018-06-15,True
C01119,Title_1119,Drama,Documentary,49,2020-11-27,True
C01120,Title_1120,Drama,Movie,100,2019-09-07,True
C01121,Title_1121,Comedy,Movie,94,2020-06-07,False
C01122,Title_1122,Romance,Series,53,2025-02-24,True
C01123,Title_1123,Action,Series,37,2024-04-25,False
C01124,Title_1124,Drama,Series,21,2024-12-23,False
C01125,Title_1125,Drama,Movie,124,2023-12-27,True
C01126,Title_1126,Action,Series,32,2021-05-30,True
C01127,Title_1127,Action,Series,45,2022-10-05,False
C01128,Title_1128,Crime,Movie,105,2024-04-23,False
C01129,Title_1129,Crime,Series,31,2024-04-25,False
C01130,Title_1130,Romance,Series,31,2022-10-16,True
C01131,Title_1131,Animation,Documentary,67,2021-07-17,False
C01132,Title_1132,Drama,Series,37,2019-10-09,True
C01133,Title_1133,Animation,Series,43,2019-09-16,False
C01134,Title_1134,Horror,Documentary,93,2019-04-30,True
C01135,Title_1135,Drama,Series,25,2022-05-07,False
C01136,Title_1136,Action,Movie,120,2021-02-24,True
C01137,Title_1137,Sci-Fi,Series,22,2024-03-18,False
C01138,Title_1138,Crime,Series,50,2023-06-09,True
C01139,Title_1139,Comedy,Series,51,2020-07-01,False
C01140,Title_1140,Comedy,Movie,131,2023-08-29,False
C01141,Title_1141,Sci-Fi,Series,28,2021-09-30,False
C01142,Title_1142,Crime,Series,53,2025-05-06,False
C01143,Title_1143,Sci-Fi,Movie,130,2025-06-15,False
C01144,Title_1144,Crime,Movie,138,2020-07-20,True
C01145,Title_1145,Horror,Series,44,2023-11-04,False
C01146,Title_1146,Romance,Movie,147,2020-04-07,False
C01147,Title_1147,Drama,Movie,119,2020-02-08,False
C01148,Title_1148,Drama,Movie,95,2021-12-30,True
C01149,Title_1149,Sci-Fi,Documentary,88,2018-04-29,True
C01150,Title_1150,Comedy,Movie,114,2020-04-10,True
C01151,Title_1151,Drama,Movie,105,2024-07-18,True
C01152,Title_1152,Crime,Series,55,2021-04-15,True
C01153,Title_1153,Action,Movie,159,2024-01-05,True
C01154,Title_1154,Action,Movie,138,2024-04-28,True
C01155,Title_1155,Animation,Series,33,2022-01-21,False
C01156,Title_1156,Drama,Series,26,2025-06-04,False
C01157,Title_1157,Sci-Fi,Series,48,2020-11-25,False
C01158,Title_1158,Drama,Documentary,57,2024-06-02,False
C01159,Title_1159,Crime,Series,53,2024-05-02,True
C01160,Title_1160,Drama,Movie,134,2019-03-20,True
C01161,Title_1161,Animation,Series,55,2018-05-21,False
C01162,Title_1162,Horror,Series,30,2022-06-15,True
C01163,Title_1163,Crime,Movie,172,2024-05-11,False
C01164,Title_1164,Action,Series,36,2024-09-04,True
C01165,Title_1165,Comedy,Movie,132,2020-09-11,False
C01166,Title_1166,Horror,Movie,151,2022-05-06,False
C01167,Title_1167,Action,Documentary,46,2024-09-01,False
C01168,Title_1168,Action,Series,45,2024-01-07,False
C01169,Title_1169,Romance,Movie,175,2021-02-05,True
C01170,Title_1170,Crime,Series,27,2018-11-18,True
C01171,Title_1171,Comedy,Movie,115,2018-10-22,False
C01172,Title_1172,Animation,Movie,118,2021-08-18,True
C01173,Title_1173,Horror,Documentary,115,2025-06-11,True
C01174,Title_1174,Horror,Movie,136,2021-07-17,False
C01175,Title_1175,Crime,Series,41,2020-04-19,False
C01176,Title_1176,Sci-Fi,Documentary,98,2021-05-15,False
C01177,Title_1177,Sci-Fi,Series,46,2020-03-04,False
C01178,Title_1178,Drama,Movie,94,2023-07-28,False
C01179,Title_1179,Documentary,Movie,125,2021-02-18,False
C01180,Title_1180,Crime,Movie,167,2021-06-16,False
C01181,Title_1181,Thriller,Series,53,2021-11-01,False
C01182,Title_1182,Comedy,Movie,138,2023-12-03,False
C01183,Title_1183,Action,Movie,140,2019-02-20,True
C01184,Title_1184,Thriller,Series,39,2020-11-26,True
C01185,Title_1185,Comedy,Movie,133,2022-04-28,True
C01186,Title_1186,Crime,Movie,102,2020-03-21,True
C01187,Title_1187,Romance,Documentary,57,2020-07-13,False
C01188,Title_1188,Crime,Series,55,2025-01-25,False
C01189,Title_1189,Crime,Documentary,67,2023-02-05,False
C01190,Title_1190,Horror,Movie,101,2023-09-07,False
C01191,Title_1191,Documentary,Movie,129,2022-05-07,True
C01192,Title_1192,Action,Movie,113,2022-07-25,True
C01193,Title_1193,Animation,Series,45,2019-12-07,False
C01194,Title_1194,Animation,Series,41,2023-02-19,False
C01195,Title_1195,Thriller,Series,45,2021-12-17,False
C01196,Title_1196,Action,Series,29,2020-08-12,False
C01197,Title_1197,Documentary,Series,43,2021-02-14,True
C01198,Title_1198,Drama,Movie,149,2024-04-25,False
C01199,Title_1199,Action,Series,51,2020-11-03,False
C01200,Title_1200,Drama,Documentary,53,2022-06-04,False
C01201,Title_1201,Comedy,Series,34,2022-06-24,False
C01202,Title_1202,Crime,Series,58,2024-11-28,True
C01203,Title_1203,Horror,Series,53,2025-02-23,False
C01204,Title_1204,Romance,Series,35,2023-05-19,False
C01205,Title_1205,Animation,Movie,130,2021-01-20,False
C01206,Title_1206,Comedy,Documentary,92,2019-08-21,True
C01207,Title_1207,Documentary,Movie,95,2018-12-28,False
C01208,Title_1208,Drama,Movie,146,2021-01-26,True
C01209,Title_1209,Sci-Fi,Movie,117,2022-02-08,False
C01210,Title_1210,Animation,Movie,153,2018-04-03,True
C01211,Title_1211,Animation,Series,38,2023-10-02,False
C01212,Title_1212,Action,Series,57,2021-04-27,True
C01213,Title_1213,Comedy,Series,42,2021-04-21,False
C01214,Title_1214,Romance,Series,36,2021-06-02,True
C01215,Title_1215,Action,Movie,104,2022-06-20,True
C01216,Title_1216,Comedy,Documentary,105,2021-07-05,False
C01217,Title_1217,Crime,Movie,131,2023-09-03,False
C01218,Title_1218,Documentary,Series,46,2019-07-16,False
C01219,Title_1219,Romance,Series,41,2022-03-27,False
C01220,Title_1220,Crime,Movie,152,2024-03-09,True
C01221,Title_1221,Action,Movie,135,2019-01-30,False
C01222,Title_1222,Drama,Series,21,2019-09-02,False
C01223,Title_1223,Romance,Special,114,2021-07-06,True
C01224,Title_1224,Action,Movie,142,2019-05-18,False
C01225,Title_1225,Horror,Series,36,2023-08-03,False
C01226,Title_1226,Romance,Movie,132,2023-09-08,False
C01227,Title_1227,Romance,Movie,134,2021-04-30,True
C01228,Title_1228,Crime,Series,31,2023-01-09,True
C01229,Title_1229,Documentary,Movie,118,2018-08-22,False
C01230,Title_1230,Action,Documentary,119,2025-02-03,False
C01231,Title_1231,Action,Movie,146,2023-09-10,False
C01232,Title_1232,Horror,Movie,176,2025-05-29,False
C01233,Title_1233,Action,Movie,98,2018-12-04,False
C01234,Title_1234,Animation,Movie,110,2022-02-25,True
C01235,Title_1235,Crime,Movie,175,2021-02-22,False
C01236,Title_1236,Romance,Series,25,2019-05-28,True
C01237,Title_1237,Comedy,Movie,145,2023-12-11,True
C01238,Title_1238,Romance,Movie,159,2021-01-18,False
C01239,Title_1239,Romance,Movie,84,2025-03-31,False
C01240,Title_1240,Comedy,Movie,109,2022-11-23,True
C01241,Title_1241,Romance,Documentary,47,2019-04-05,False
C01242,Title_1242,Sci-Fi,Series,37,2019-07-07,False
C01243,Title_1243,Horror,Series,40,2019-09-27,False
C01244,Title_1244,Animation,Series,32,2023-02-17,False
C01245,Title_1245,Animation,Movie,117,2023-10-26,False
C01246,Title_1246,Documentary,Series,33,2018-05-23,False
C01247,Title_1247,Drama,Movie,128,2019-01-27,False
C01248,Title_1248,Sci-Fi,Series,56,2022-08-16,True
C01249,Title_1249,Drama,Movie,135,2024-12-17,False
C01250,Title_1250,Horror,Series,59,2019-11-22,True
C01251,Title_1251,Action,Series,41,2020-11-03,False
C01252,Title_1252,Action,Movie,81,2023-11-26,False
C01253,Title_1253,Crime,Series,57,2024-02-08,False
C01254,Title_1254,Sci-Fi,Series,32,2024-08-31,True
C01255,Title_1255,Sci-Fi,Movie,118,2024-04-03,False
C01256,Title_1256,Horror,Documentary,45,2025-02-18,True
C01257,Title_1257,Animation,Movie,85,2020-10-31,True
C01258,Title_1258,Horror,Movie,94,2025-05-19,True
C01259,Title_1259,Horror,Series,28,2019-12-09,True
C01260,Title_1260,Animation,Movie,126,2019-09-13,False
C01261,Title_1261,Documentary,Documentary,41,2024-11-15,False
C01262,Title_1262,Action,Series,35,2020-12-27,False
C01263,Title_1263,Sci-Fi,Series,30,2020-07-29,False
C01264,Title_1264,Comedy,Movie,89,2018-12-24,False
C01265,Title_1265,Crime,Series,51,2020-07-22,True
C01266,Title_1266,Crime,Series,38,2022-01-11,False
C01267,Title_1267,Drama,Series,26,2020-12-08,False
C01268,Title_1268,Comedy,Movie,91,2023-11-01,False
C01269,Title_1269,Crime,Series,42,2022-06-27,True
C01270,Title_1270,Thriller,Series,26,2018-09-05,True
C01271,Title_1271,Action,Series,59,2021-10-16,False
C01272,Title_1272,Romance,Series,59,2019-10-26,True
C01273,Title_1273,Crime,Documentary,56,2023-05-13,False
C01274,Title_1274,Crime,Movie,110,2018-05-13,True
C01275,Title_1275,Documentary,Movie,110,2023-11-20,False
C01276,Title_1276,Horror,Series,34,2024-06-15,True
C01277,Title_1277,Action,Series,27,2019-12-27,False
C01278,Title_1278,Crime,Movie,152,2021-12-24,True
C01279,Title_1279,Sci-Fi,Movie,156,2024-03-16,False
C01280,Title_1280,Action,Movie,116,2020-07-09,False
C01281,Title_1281,Animation,Movie,138,2021-12-26,False
C01282,Title_1282,Crime,Series,41,2023-11-05,True
C01283,Title_1283,Documentary,Movie,168,2020-07-21,False
C01284,Title_1284,Sci-Fi,Movie,138,2018-10-19,False
C01285,Title_1285,Crime,Movie,173,2025-03-17,True
C01286,Title_1286,Crime,Series,40,2022-09-26,True
C01287,Title_1287,Thriller,Series,41,2023-09-24,False
C01288,Title_1288,Thriller,Movie,108,2021-11-25,False
C01289,Title_1289,Animation,Movie,153,2018-01-27,False
C01290,Title_1290,Action,Special,74,2019-04-02,True
C01291,Title_1291,Crime,Series,41,2020-08-16,False
C01292,Title_1292,Drama,Series,45,2020-05-01,True
C01293,Title_1293,Crime,Movie,91,2019-01-27,True
C01294,Title_1294,Sci-Fi,Series,34,2024-01-05,False
C01295,Title_1295,Thriller,Series,30,2020-06-05,False
C01296,Title_1296,Action,Movie,146,2025-04-21,False
C01297,Title_1297,Horror,Series,25,2021-01-27,False
C01298,Title_1298,Documentary,Series,51,2025-06-11,True
C01299,Title_1299,Drama,Documentary,41,2025-04-10,True
C01300,Title_1300,Horror,Movie,110,2020-09-26,True
C01301,Title_1301,Drama,Documentary,64,2024-01-01,True
C01302,Title_1302,Crime,Documentary,73,2021-08-05,False
C01303,Title_1303,Comedy,Movie,129,2024-06-10,True
C01304,Title_1304,Horror,Movie,111,2025-02-16,False
C01305,Title_1305,Romance,Movie,85,2022-02-16,True
C01306,Title_1306,Romance,Movie,111,2022-10-11,False
C01307,Title_1307,Horror,Series,41,2021-05-07,True
C01308,Title_1308,Animation,Movie,122,2020-12-22,False
C01309,Title_1309,Sci-Fi,Documentary,69,2023-02-01,False
C01310,Title_1310,Comedy,Documentary,102,2018-04-26,False
C01311,Title_1311,Romance,Movie,90,2023-05-31,False
C01312,Title_1312,Drama,Series,20,2025-02-15,False
C01313,Title_1313,Animation,Movie,100,2019-04-07,False
C01314,Title_1314,Horror,Series,20,2019-11-13,True
C01315,Title_1315,Sci-Fi,Movie,89,2018-07-25,False
C01316,Title_1316,Thriller,Series,33,2021-08-08,False
C01317,Title_1317,Thriller,Documentary,95,2024-10-04,True
C01318,Title_1318,Crime,Series,22,2018-09-12,True
C01319,Title_1319,Sci-Fi,Special,70,2025-04-05,True
C01320,Title_1320,Romance,Documentary,72,2024-10-09,False
C01321,Title_1321,Horror,Movie,129,2022-03-14,False
C01322,Title_1322,Crime,Movie,118,2025-03-24,True
C01323,Title_1323,Crime,Movie,148,2024-11-29,False
C01324,Title_1324,Animation,Movie,84,2025-02-17,False
C01325,Title_1325,Thriller,Series,36,2023-10-25,False
C01326,Title_1326,Romance,Movie,135,2022-12-17,False
C01327,Title_1327,Horror,Movie,157,2022-01-17,False
C01328,Title_1328,Animation,Movie,101,2021-07-15,False
C01329,Title_1329,Action,Series,26,2021-12-06,True
C01330,Title_1330,Documentary,Movie,178,2021-08-17,False
C01331,Title_1331,Romance,Documentary,93,2024-11-22,False
C01332,Title_1332,Sci-Fi,Series,44,2021-11-22,True
C01333,Title_1333,Drama,Movie,110,2019-07-10,False
C01334,Title_1334,Drama,Movie,171,2023-12-23,False
C01335,Title_1335,Drama,Movie,97,2018-07-28,False
C01336,Title_1336,Drama,Movie,87,2024-01-03,False
C01337,Title_1337,Romance,Series,25,2024-01-14,True
C01338,Title_1338,Romance,Series,22,2022-04-02,True
C01339,Title_1339,Thriller,Movie,86,2023-12-22,True
C01340,Title_1340,Animation,Series,27,2019-04-21,False
C01341,Title_1341,Animation,Series,52,2024-02-16,False
C01342,Title_1342,Sci-Fi,Series,42,2021-07-21,False
C01343,Title_1343,Horror,Documentary,47,2022-12-30,True
C01344,Title_1344,Sci-Fi,Special,47,2020-12-09,False
C01345,Title_1345,Thriller,Series,52,2020-04-02,False
C01346,Title_1346,Drama,Series,32,2021-03-15,False
C01347,Title_1347,Animation,Series,25,2019-10-04,True
C01348,Title_1348,Comedy,Series,43,2023-09-12,True
C01349,Title_1349,Documentary,Movie,102,2022-01-23,False
C01350,Title_1350,Thriller,Special,80,2021-10-18,False
C01351,Title_1351,Documentary,Series,54,2021-07-13,False
C01352,Title_1352,Comedy,Series,43,2018-02-23,True
C01353,Title_1353,Horror,Series,29,2018-08-04,False
C01354,Title_1354,Drama,Movie,113,2018-04-24,False
C01355,Title_1355,Sci-Fi,Series,41,2021-12-13,False
C01356,Title_1356,Thriller,Series,38,2020-05-04,False
C01357,Title_1357,Comedy,Movie,116,2023-02-18,True
C01358,Title_1358,Documentary,Series,35,2019-02-15,False
C01359,Title_1359,Documentary,Movie,178,2018-02-28,True
C01360,Title_1360,Crime,Documentary,62,2023-02-08,False
C01361,Title_1361,Horror,Series,32,2023-06-23,True
C01362,Title_1362,Romance,Series,27,2022-12-01,False
C01363,Title_1363,Documentary,Movie,150,2018-01-10,True
C01364,Title_1364,Horror,Movie,135,2023-06-03,False
C01365,Title_1365,Animation,Series,44,2021-08-31,False
C01366,Title_1366,Documentary,Movie,84,2020-03-25,False
C01367,Title_1367,Romance,Special,43,2025-02-05,False
C01368,Title_1368,Romance,Series,45,2018-07-02,False
C01369,Title_1369,Crime,Movie,143,2020-01-24,False
C01370,Title_1370,Comedy,Movie,124,2021-09-25,False
C01371,Title_1371,Documentary,Series,54,2019-01-12,False
C01372,Title_1372,Romance,Series,30,2024-06-25,False
C01373,Title_1373,Comedy,Special,69,2018-07-06,False
C01374,Title_1374,Comedy,Series,59,2024-07-04,False
C01375,Title_1375,Comedy,Movie,179,2020-01-07,True
C01376,Title_1376,Comedy,Movie,80,2021-02-09,False
C01377,Title_1377,Drama,Series,22,2024-07-21,True
C01378,Title_1378,Romance,Movie,85,2020-05-24,True
C01379,Title_1379,Sci-Fi,Series,54,2023-07-18,True
C01380,Title_1380,Drama,Movie,159,2023-11-05,False
C01381,Title_1381,Horror,Series,37,2020-08-31,True
C01382,Title_1382,Thriller,Special,91,2021-01-15,False
C01383,Title_1383,Comedy,Documentary,43,2023-02-06,True
C01384,Title_1384,Crime,Series,50,2021-05-09,False
C01385,Title_1385,Action,Series,27,2020-01-25,False
C01386,Title_1386,Thriller,Documentary,67,2024-03-08,False
C01387,Title_1387,Documentary,Documentary,60,2019-09-21,True
C01388,Title_1388,Comedy,Movie,90,2023-05-29,False
C01389,Title_1389,Drama,Movie,89,2018-06-01,False
C01390,Title_1390,Romance,Documentary,94,2022-01-03,True
C01391,Title_1391,Drama,Movie,154,2023-10-01,False
C01392,Title_1392,Animation,Movie,177,2020-03-11,True
C01393,Title_1393,Crime,Movie,154,2022-01-25,False
C01394,Title_1394,Drama,Documentary,112,2025-01-13,True
C01395,Title_1395,Drama,Movie,141,2019-06-01,False
C01396,Title_1396,Horror,Series,31,2018-02-06,True
C01397,Title_1397,Drama,Movie,89,2025-04-02,False
C01398,Title_1398,Thriller,Movie,175,2021-10-21,True
C01399,Title_1399,Crime,Movie,131,2021-09-12,False
C01400,Title_1400,Thriller,Series,36,2024-10-05,False
C01401,Title_1401,Horror,Movie,83,2023-03-01,True
C01402,Title_1402,Animation,Documentary,117,2019-08-15,True
C01403,Title_1403,Romance,Series,52,2022-01-04,True
C01404,Title_1404,Crime,Movie,109,2022-10-30,False
C01405,Title_1405,Documentary,Movie,154,2021-03-12,False
C01406,Title_1406,Horror,Series,48,2023-12-18,False
C01407,Title_1407,Thriller,Documentary,74,2024-06-23,False
C01408,Title_1408,Sci-Fi,Series,32,2020-07-07,False
C01409,Title_1409,Sci-Fi,Series,57,2025-04-30,True
C01410,Title_1410,Crime,Documentary,98,2019-02-25,False
C01411,Title_1411,Crime,Series,49,2019-01-04,False
C01412,Title_1412,Comedy,Series,40,2021-08-21,True
C01413,Title_1413,Documentary,Series,57,2020-01-04,False
C01414,Title_1414,Action,Series,49,2022-12-22,True
C01415,Title_1415,Romance,Documentary,89,2020-07-25,False
C01416,Title_1416,Comedy,Series,53,2023-04-11,False
C01417,Title_1417,Romance,Movie,119,2022-08-27,True
C01418,Title_1418,Thriller,Documentary,58,2021-06-13,False
C01419,Title_1419,Documentary,Movie,168,2018-09-19,False
C01420,Title_1420,Crime,Series,55,2018-05-02,True
C01421,Title_1421,Documentary,Movie,153,2018-10-20,False
C01422,Title_1422,Romance,Series,32,2021-03-29,False
C01423,Title_1423,Drama,Movie,147,2022-07-26,True
C01424,Title_1424,Comedy,Movie,168,2024-05-07,False
C01425,Title_1425,Horror,Movie,178,2021-08-16,False
C01426,Title_1426,Romance,Series,47,2018-12-28,False
C01427,Title_1427,Animation,Movie,102,2022-08-17,False
C01428,Title_1428,Action,Documentary,41,2020-08-17,False
C01429,Title_1429,Drama,Movie,153,2022-04-14,False
C01430,Title_1430,Romance,Series,59,2018-05-07,False
C01431,Title_1431,Sci-Fi,Series,52,2024-05-11,False
C01432,Title_1432,Comedy,Special,94,2019-02-28,True
C01433,Title_1433,Sci-Fi,Series,32,2023-06-05,False
C01434,Title_1434,Documentary,Series,36,2020-08-23,True
C01435,Title_1435,Animation,Movie,105,2019-10-15,False
C01436,Title_1436,Animation,Movie,122,2023-04-14,False
C01437,Title_1437,Romance,Series,59,2025-04-07,True
C01438,Title_1438,Animation,Movie,107,2021-05-16,True
C01439,Title_1439,Sci-Fi,Series,27,2018-01-11,False
C01440,Title_1440,Comedy,Movie,131,2020-01-06,True
C01441,Title_1441,Romance,Series,50,2022-11-08,False
C01442,Title_1442,Animation,Special,89,2019-06-26,True
C01443,Title_1443,Animation,Series,59,2021-07-28,False
C01444,Title_1444,Crime,Series,57,2020-07-20,True
C01445,Title_1445,Action,Documentary,75,2019-03-19,False
C01446,Title_1446,Drama,Movie,133,2024-10-25,False
C01447,Title_1447,Horror,Movie,151,2020-07-29,True
C01448,Title_1448,Drama,Movie,166,2025-03-25,False
C01449,Title_1449,Animation,Series,23,2022-09-25,False
C01450,Title_1450,Romance,Series,54,2020-10-15,True
C01451,Title_1451,Comedy,Documentary,70,2020-06-02,False
C01452,Title_1452,Horror,Series,28,2018-12-08,True
C01453,Title_1453,Horror,Series,49,2021-03-21,True
C01454,Title_1454,Horror,Series,20,2019-08-01,True
C01455,Title_1455,Comedy,Series,51,2022-07-13,False
C01456,Title_1456,Romance,Series,56,2021-04-29,False
C01457,Title_1457,Thriller,Movie,171,2020-02-12,False
C01458,Title_1458,Comedy,Movie,119,2019-03-28,False
C01459,Title_1459,Action,Documentary,117,2018-02-23,False
C01460,Title_1460,Drama,Movie,171,2023-11-26,False
C01461,Title_1461,Romance,Movie,140,2020-07-03,False
C01462,Title_1462,Sci-Fi,Movie,115,2025-01-06,False
C01463,Title_1463,Animation,Movie,97,2020-04-08,False
C01464,Title_1464,Sci-Fi,Special,67,2024-06-09,False
C01465,Title_1465,Comedy,Movie,122,2025-06-16,True
C01466,Title_1466,Horror,Special,91,2025-03-21,False
C01467,Title_1467,Romance,Series,35,2024-11-08,False
C01468,Title_1468,Sci-Fi,Documentary,75,2020-03-29,False
C01469,Title_1469,Crime,Movie,144,2024-01-28,False
C01470,Title_1470,Sci-Fi,Movie,131,2024-03-12,False
C01471,Title_1471,Romance,Special,42,2022-05-15,False
C01472,Title_1472,Sci-Fi,Series,53,2019-03-10,True
C01473,Title_1473,Sci-Fi,Series,38,2018-12-23,False
C01474,Title_1474,Animation,Series,30,2022-07-04,True
C01475,Title_1475,Romance,Movie,159,2021-11-16,True
C01476,Title_1476,Animation,Series,47,2022-02-01,True
C01477,Title_1477,Drama,Movie,100,2023-03-13,False
C01478,Title_1478,Horror,Movie,89,2019-05-02,False
C01479,Title_1479,Documentary,Series,48,2022-11-23,False
C01480,Title_1480,Crime,Movie,157,2025-02-19,False
C01481,Title_1481,Action,Movie,142,2025-04-02,True
C01482,Title_1482,Drama,Movie,130,2024-11-09,False
C01483,Title_1483,Horror,Series,59,2023-06-15,False
C01484,Title_1484,Drama,Movie,97,2019-10-07,False
C01485,Title_1485,Documentary,Movie,132,2024-12-03,False
C01486,Title_1486,Sci-Fi,Series,24,2021-04-03,False
C01487,Title_1487,Romance,Series,44,2023-12-01,True
C01488,Title_1488,Action,Movie,154,2021-08-06,True
C01489,Title_1489,Crime,Movie,158,2024-08-10,True
C01490,Title_1490,Animation,Documentary,59,2019-12-07,True
C01491,Title_1491,Crime,Movie,116,2019-06-08,True
C01492,Title_1492,Horror,Documentary,73,2020-04-16,False
C01493,Title_1493,Sci-Fi,Movie,177,2022-09-20,False
C01494,Title_1494,Crime,Series,32,2020-07-26,False
C01495,Title_1495,Sci-Fi,Special,52,2020-04-12,False
C01496,Title_1496,Thriller,Series,58,2024-09-20,True
C01497,Title_1497,Action,Movie,176,2021-11-21,False
C01498,Title_1498,Action,Special,55,2019-03-28,True
C01499,Title_1499,Action,Series,35,2025-04-21,False
C01500,Title_1500,Drama,Movie,117,2020-10-27,False
C01501,Title_1501,Thriller,Series,42,2021-07-28,True
C01502,Title_1502,Thriller,Series,29,2020-07-12,True
C01503,Title_1503,Sci-Fi,Series,25,2021-01-16,False
C01504,Title_1504,Thriller,Movie,147,2023-05-01,False
C01505,Title_1505,Sci-Fi,Series,57,2020-04-21,True
C01506,Title_1506,Sci-Fi,Movie,89,2024-09-13,False
C01507,Title_1507,Drama,Movie,151,2024-06-29,False
C01508,Title_1508,Romance,Series,46,2022-11-08,False
C01509,Title_1509,Thriller,Movie,104,2024-04-04,False
C01510,Title_1510,Action,Documentary,95,2022-08-06,False
C01511,Title_1511,Romance,Movie,143,2022-04-13,True
C01512,Title_1512,Documentary,Movie,133,2023-09-20,False
C01513,Title_1513,Action,Movie,122,2019-09-12,False
C01514,Title_1514,Drama,Series,44,2024-12-15,False
C01515,Title_1515,Sci-Fi,Series,35,2022-11-07,True
C01516,Title_1516,Horror,Movie,171,2022-10-20,False
C01517,Title_1517,Animation,Series,56,2018-12-10,False
C01518,Title_1518,Crime,Series,26,2021-07-12,False
C01519,Title_1519,Documentary,Documentary,83,2024-06-23,False
C01520,Title_1520,Comedy,Movie,117,2025-03-15,True
C01521,Title_1521,Animation,Movie,143,2022-09-11,True
C01522,Title_1522,Comedy,Movie,122,2023-05-28,False
C01523,Title_1523,Crime,Movie,161,2022-04-03,False
C01524,Title_1524,Romance,Movie,93,2018-01-26,True
C01525,Title_1525,Thriller,Series,48,2018-06-30,False
C01526,Title_1526,Crime,Series,23,2023-03-29,False
C01527,Title_1527,Documentary,Special,80,2021-08-14,False
C01528,Title_1528,Thriller,Movie,171,2021-07-31,False
C01529,Title_1529,Animation,Series,31,2018-12-15,False
C01530,Title_1530,Comedy,Series,54,2024-08-02,False
C01531,Title_1531,Thriller,Series,29,2021-01-14,False
C01532,Title_1532,Horror,Series,33,2023-03-16,False
C01533,Title_1533,Comedy,Movie,161,2025-04-06,False
C01534,Title_1534,Action,Movie,102,2024-03-30,False
C01535,Title_1535,Comedy,Movie,111,2018-12-11,False
C01536,Title_1536,Comedy,Movie,127,2019-12-18,False
C01537,Title_1537,Romance,Documentary,56,2019-02-25,True
C01538,Title_1538,Drama,Special,69,2018-04-01,False
C01539,Title_1539,Horror,Movie,137,2021-02-03,False
C01540,Title_1540,Thriller,Series,28,2022-06-30,False
C01541,Title_1541,Crime,Movie,82,2018-05-26,False
C01542,Title_1542,Comedy,Movie,165,2023-09-13,False
C01543,Title_1543,Crime,Series,47,2023-05-19,False
C01544,Title_1544,Comedy,Documentary,110,2020-01-05,False
C01545,Title_1545,Comedy,Movie,87,2024-03-22,False
C01546,Title_1546,Thriller,Series,45,2025-04-21,False
C01547,Title_1547,Documentary,Movie,125,2024-11-02,True
C01548,Title_1548,Crime,Movie,83,2023-02-01,False
C01549,Title_1549,Drama,Movie,151,2019-02-10,False
C01550,Title_1550,Romance,Documentary,93,2019-10-24,False
C01551,Title_1551,Thriller,Movie,111,2025-01-28,False
C01552,Title_1552,Comedy,Series,30,2018-11-08,False
C01553,Title_1553,Drama,Series,39,2021-06-13,True
C01554,Title_1554,Thriller,Series,36,2024-02-22,False
C01555,Title_1555,Animation,Documentary,98,2020-12-19,True
C01556,Title_1556,Sci-Fi,Series,41,2024-10-30,False
C01557,Title_1557,Horror,Movie,87,2019-12-09,True
C01558,Title_1558,Action,Documentary,50,2025-03-12,False
C01559,Title_1559,Action,Movie,146,2020-06-17,False
C01560,Title_1560,Romance,Movie,112,2022-04-14,False
C01561,Title_1561,Horror,Series,26,2023-11-27,False
C01562,Title_1562,Action,Movie,101,2024-08-02,False
C01563,Title_1563,Thriller,Documentary,80,2022-10-02,True
C01564,Title_1564,Romance,Series,51,2021-11-28,False
C01565,Title_1565,Comedy,Movie,177,2018-12-11,False
C01566,Title_1566,Animation,Movie,178,2022-07-29,True
C01567,Title_1567,Crime,Movie,160,2019-09-02,False
C01568,Title_1568,Comedy,Series,24,2025-05-03,True
C01569,Title_1569,Crime,Movie,105,2022-07-30,False
C01570,Title_1570,Sci-Fi,Movie,94,2025-05-20,False
C01571,Title_1571,Action,Series,59,2020-01-17,False
C01572,Title_1572,Romance,Series,49,2024-01-02,False
C01573,Title_1573,Drama,Series,30,2019-03-24,True
C01574,Title_1574,Romance,Series,34,2022-04-24,True
C01575,Title_1575,Animation,Movie,173,2022-10-11,True
C01576,Title_1576,Documentary,Series,29,2024-04-01,False
C01577,Title_1577,Comedy,Special,117,2025-03-20,False
C01578,Title_1578,Animation,Movie,160,2022-11-07,False
C01579,Title_1579,Action,Movie,91,2020-06-03,False
C01580,Title_1580,Drama,Movie,158,2021-02-16,False
C01581,Title_1581,Crime,Movie,172,2021-02-11,False
C01582,Title_1582,Crime,Movie,90,2023-03-14,True
C01583,Title_1583,Thriller,Movie,170,2023-11-26,False
C01584,Title_1584,Sci-Fi,Series,37,2023-12-23,False
C01585,Title_1585,Horror,Series,47,2018-08-14,False
C01586,Title_1586,Drama,Series,30,2020-08-23,False
C01587,Title_1587,Romance,Movie,113,2024-06-20,True
C01588,Title_1588,Documentary,Special,102,2018-02-24,False
C01589,Title_1589,Sci-Fi,Series,31,2019-04-08,False
C01590,Title_1590,Action,Documentary,104,2021-03-26,False
C01591,Title_1591,Sci-Fi,Movie,172,2024-11-03,False
C01592,Title_1592,Drama,Series,59,2023-07-24,True
C01593,Title_1593,Thriller,Movie,176,2021-06-26,False
C01594,Title_1594,Crime,Series,59,2023-11-04,True
C01595,Title_1595,Horror,Series,29,2021-01-07,False
C01596,Title_1596,Drama,Movie,128,2018-01-30,False
C01597,Title_1597,Action,Special,65,2023-05-24,False
C01598,Title_1598,Documentary,Series,40,2019-01-28,False
C01599,Title_1599,Thriller,Movie,81,2022-03-21,True
C01600,Title_1600,Drama,Movie,113,2022-04-22,False
C01601,Title_1601,Romance,Movie,173,2023-04-09,False
C01602,Title_1602,Crime,Movie,161,2022-10-08,False
C01603,Title_1603,Thriller,Series,55,2021-03-29,True
C01604,Title_1604,Horror,Series,52,2024-04-24,False
C01605,Title_1605,Horror,Series,45,2021-01-17,True
C01606,Title_1606,Drama,Documentary,107,2024-06-24,True
C01607,Title_1607,Comedy,Movie,89,2022-11-01,False
C01608,Title_1608,Thriller,Movie,94,2020-04-04,True
C01609,Title_1609,Crime,Documentary,86,2021-05-21,False
C01610,Title_1610,Romance,Movie,155,2021-08-31,False
C01611,Title_1611,Crime,Movie,118,2024-04-23,True
C01612,Title_1612,Drama,Movie,130,2023-04-16,False
C01613,Title_1613,Animation,Series,29,2020-05-20,False
C01614,Title_1614,Crime,Series,20,2022-12-08,False
C01615,Title_1615,Horror,Series,58,2018-05-24,False
C01616,Title_1616,Romance,Documentary,85,2024-11-25,True
C01617,Title_1617,Thriller,Series,49,2019-04-27,False
C01618,Title_1618,Thriller,Documentary,98,2019-11-12,True
C01619,Title_1619,Thriller,Movie,170,2021-01-01,False
C01620,Title_1620,Animation,Movie,132,2021-09-10,False
C01621,Title_1621,Crime,Series,49,2019-01-29,True
C01622,Title_1622,Drama,Movie,92,2023-04-15,True
C01623,Title_1623,Drama,Movie,157,2018-06-17,True
C01624,Title_1624,Horror,Movie,163,2021-03-30,True
C01625,Title_1625,Drama,Documentary,92,2025-02-14,True
C01626,Title_1626,Crime,Movie,175,2024-01-30,False
C01627,Title_1627,Thriller,Special,103,2020-01-03,False
C01628,Title_1628,Documentary,Series,20,2022-04-12,False
C01629,Title_1629,Sci-Fi,Series,54,2022-08-30,False
C01630,Title_1630,Thriller,Movie,161,2020-04-16,False
C01631,Title_1631,Sci-Fi,Series,36,2019-09-25,True
C01632,Title_1632,Animation,Movie,112,2022-04-22,True
C01633,Title_1633,Drama,Series,29,2022-05-27,False
C01634,Title_1634,Animation,Series,29,2020-01-29,False
C01635,Title_1635,Drama,Special,109,2024-05-25,True
C01636,Title_1636,Documentary,Movie,172,2023-07-17,True
C01637,Title_1637,Romance,Documentary,66,2023-01-13,True
C01638,Title_1638,Sci-Fi,Movie,111,2024-06-25,True
C01639,Title_1639,Romance,Series,52,2023-12-06,True
C01640,Title_1640,Thriller,Documentary,108,2023-03-01,False
C01641,Title_1641,Thriller,Series,49,2019-04-23,True
C01642,Title_1642,Animation,Documentary,66,2021-07-07,False
C01643,Title_1643,Documentary,Special,83,2023-03-15,True
C01644,Title_1644,Crime,Series,36,2020-07-04,False
C01645,Title_1645,Sci-Fi,Series,52,2019-06-27,False
C01646,Title_1646,Romance,Movie,148,2024-03-14,False
C01647,Title_1647,Animation,Movie,160,2024-03-10,False
C01648,Title_1648,Thriller,Movie,172,2018-09-27,False
C01649,Title_1649,Comedy,Series,47,2019-08-29,False
C01650,Title_1650,Romance,Series,47,2018-02-23,False
C01651,Title_1651,Animation,Series,36,2021-08-10,False
C01652,Title_1652,Romance,Series,56,2020-01-29,False
C01653,Title_1653,Horror,Documentary,84,2019-11-12,False
C01654,Title_1654,Sci-Fi,Movie,164,2024-09-24,True
C01655,Title_1655,Animation,Documentary,78,2023-02-03,False
C01656,Title_1656,Documentary,Series,22,2018-05-19,False
C01657,Title_1657,Animation,Documentary,63,2025-05-22,True
C01658,Title_1658,Action,Documentary,101,2021-03-04,False
C01659,Title_1659,Crime,Movie,165,2018-10-05,False
C01660,Title_1660,Drama,Series,23,2019-05-05,False
C01661,Title_1661,Horror,Series,22,2020-03-13,False
C01662,Title_1662,Thriller,Movie,117,2021-07-25,True
C01663,Title_1663,Action,Series,58,2019-11-25,False
C01664,Title_1664,Drama,Movie,112,2022-10-01,True
C01665,Title_1665,Sci-Fi,Movie,128,2022-01-14,False
C01666,Title_1666,Horror,Series,24,2019-06-07,False
C01667,Title_1667,Action,Series,33,2024-02-20,False
C01668,Title_1668,Romance,Movie,142,2019-03-07,False
C01669,Title_1669,Sci-Fi,Movie,133,2019-10-24,False
C01670,Title_1670,Animation,Movie,85,2020-08-07,False
C01671,Title_1671,Documentary,Movie,141,2020-06-06,True
C01672,Title_1672,Horror,Special,108,2018-07-18,False
C01673,Title_1673,Thriller,Special,79,2018-05-12,True
C01674,Title_1674,Animation,Series,32,2019-11-12,True
C01675,Title_1675,Drama,Movie,98,2018-12-28,False
C01676,Title_1676,Drama,Series,23,2018-09-20,True
C01677,Title_1677,Crime,Series,50,2018-03-19,True
C01678,Title_1678,Thriller,Documentary,87,2023-04-24,True
C01679,Title_1679,Horror,Series,26,2020-09-27,True
C01680,Title_1680,Animation,Series,37,2020-09-02,True
C01681,Title_1681,Horror,Series,57,2022-01-02,True
C01682,Title_1682,Sci-Fi,Series,49,2021-09-26,False
C01683,Title_1683,Horror,Movie,101,2024-01-10,True
C01684,Title_1684,Action,Movie,83,2025-03-01,False
C01685,Title_1685,Horror,Series,55,2020-01-01,True
C01686,Title_1686,Action,Documentary,94,2025-06-23,True
C01687,Title_1687,Thriller,Series,27,2018-05-24,False
C01688,Title_1688,Drama,Series,44,2019-02-20,True
C01689,Title_1689,Comedy,Series,30,2024-09-16,True
C01690,Title_1690,Documentary,Series,44,2024-02-17,False
C01691,Title_1691,Action,Special,103,2023-01-22,True
C01692,Title_1692,Sci-Fi,Special,114,2025-02-03,False
C01693,Title_1693,Action,Series,47,2020-12-12,False
C01694,Title_1694,Horror,Movie,163,2018-07-14,False
C01695,Title_1695,Drama,Movie,118,2022-06-14,True
C01696,Title_1696,Romance,Series,45,2019-03-04,False
C01697,Title_1697,Horror,Movie,140,2024-02-04,False
C01698,Title_1698,Crime,Special,45,2024-05-31,False
C01699,Title_1699,Action,Series,27,2018-12-27,False
C01700,Title_1700,Crime,Movie,173,2019-09-29,True
C01701,Title_1701,Horror,Movie,123,2024-01-01,False
C01702,Title_1702,Documentary,Movie,107,2018-04-08,False
C01703,Title_1703,Action,Movie,109,2021-08-24,True
C01704,Title_1704,Crime,Series,38,2021-11-15,False
C01705,Title_1705,Drama,Movie,112,2022-05-24,True
C01706,Title_1706,Documentary,Movie,161,2024-04-30,False
C01707,Title_1707,Romance,Series,28,2024-02-29,False
C01708,Title_1708,Comedy,Movie,131,2023-06-29,False
C01709,Title_1709,Comedy,Documentary,98,2024-08-21,False
C01710,Title_1710,Romance,Movie,152,2024-10-08,False
C01711,Title_1711,Horror,Series,31,2020-08-14,True
C01712,Title_1712,Drama,Documentary,85,2023-07-27,False
C01713,Title_1713,Horror,Movie,178,2023-06-19,False
C01714,Title_1714,Documentary,Movie,133,2020-04-28,False
C01715,Title_1715,Thriller,Movie,128,2025-03-15,True
C01716,Title_1716,Comedy,Movie,86,2024-12-24,True
C01717,Title_1717,Sci-Fi,Series,51,2025-04-20,False
C01718,Title_1718,Sci-Fi,Series,41,2022-08-15,False
C01719,Title_1719,Crime,Movie,80,2024-07-21,False
C01720,Title_1720,Animation,Series,46,2018-10-29,True
C01721,Title_1721,Action,Movie,178,2023-03-10,False
C01722,Title_1722,Comedy,Movie,117,2024-06-07,False
C01723,Title_1723,Sci-Fi,Movie,145,2020-05-09,False
C01724,Title_1724,Crime,Movie,147,2021-09-20,True
C01725,Title_1725,Horror,Series,55,2018-11-28,False
C01726,Title_1726,Thriller,Movie,178,2024-12-25,True
C01727,Title_1727,Documentary,Movie,138,2021-03-29,False
C01728,Title_1728,Horror,Movie,177,2019-09-24,False
C01729,Title_1729,Thriller,Movie,141,2025-03-09,False
C01730,Title_1730,Action,Movie,118,2022-09-26,False
C01731,Title_1731,Crime,Movie,142,2018-12-26,False
C01732,Title_1732,Romance,Special,44,2020-01-30,True
C01733,Title_1733,Action,Movie,100,2019-11-05,True
C01734,Title_1734,Horror,Movie,164,2024-04-17,False
C01735,Title_1735,Drama,Documentary,45,2021-03-24,True
C01736,Title_1736,Horror,Movie,179,2023-08-02,False
C01737,Title_1737,Romance,Series,42,2019-01-03,True
C01738,Title_1738,Crime,Documentary,83,2024-05-21,False
C01739,Title_1739,Sci-Fi,Movie,108,2023-01-12,True
C01740,Title_1740,Horror,Series,43,2024-07-16,False
C01741,Title_1741,Sci-Fi,Series,27,2022-12-04,False
C01742,Title_1742,Crime,Series,23,2024-09-06,False
C01743,Title_1743,Comedy,Movie,167,2023-05-15,True
C01744,Title_1744,Animation,Movie,149,2019-10-12,False
C01745,Title_1745,Action,Movie,89,2018-12-26,True
C01746,Title_1746,Crime,Special,105,2024-07-20,False
C01747,Title_1747,Romance,Documentary,118,2018-01-03,False
C01748,Title_1748,Crime,Series,40,2021-04-07,True
C01749,Title_1749,Crime,Series,59,2018-07-20,False
C01750,Title_1750,Documentary,Movie,150,2018-04-24,False
C01751,Title_1751,Animation,Movie,89,2019-02-26,True
C01752,Title_1752,Horror,Movie,171,2020-05-10,False
C01753,Title_1753,Romance,Series,23,2022-03-20,False
C01754,Title_1754,Action,Series,44,2020-11-20,True
C01755,Title_1755,Crime,Series,25,2024-01-23,False
C01756,Title_1756,Drama,Series,37,2023-01-02,False
C01757,Title_1757,Animation,Movie,170,2021-02-23,False
C01758,Title_1758,Animation,Movie,121,2021-05-04,False
C01759,Title_1759,Drama,Series,35,2024-07-29,False
C01760,Title_1760,Documentary,Movie,86,2020-04-17,False
C01761,Title_1761,Drama,Series,30,2023-02-21,True
C01762,Title_1762,Romance,Movie,114,2023-03-12,True
C01763,Title_1763,Drama,Movie,132,2021-03-02,False
C01764,Title_1764,Romance,Movie,80,2024-11-03,False
C01765,Title_1765,Thriller,Series,41,2021-10-14,False
C01766,Title_1766,Romance,Movie,169,2023-08-02,True
C01767,Title_1767,Animation,Movie,101,2022-06-11,False
C01768,Title_1768,Drama,Movie,163,2018-10-27,True
C01769,Title_1769,Romance,Movie,141,2018-08-04,False
C01770,Title_1770,Drama,Documentary,68,2020-02-18,True
C01771,Title_1771,Crime,Special,41,2023-08-27,False
C01772,Title_1772,Crime,Movie,178,2023-06-29,False
C01773,Title_1773,Sci-Fi,Documentary,57,2024-05-14,True
C01774,Title_1774,Romance,Documentary,72,2023-06-29,True
C01775,Title_1775,Animation,Series,42,2022-06-30,False
C01776,Title_1776,Sci-Fi,Series,27,2021-08-22,False
C01777,Title_1777,Thriller,Movie,86,2021-11-06,False
C01778,Title_1778,Drama,Series,36,2021-10-02,False
C01779,Title_1779,Horror,Movie,96,2018-09-26,True
C01780,Title_1780,Horror,Movie,159,2022-06-14,False
C01781,Title_1781,Crime,Special,84,2018-04-15,True
C01782,Title_1782,Drama,Series,45,2023-12-28,False
C01783,Title_1783,Comedy,Movie,121,2024-09-17,False
C01784,Title_1784,Action,Movie,119,2022-12-02,False
C01785,Title_1785,Crime,Special,110,2020-11-22,True
C01786,Title_1786,Romance,Movie,152,2019-10-28,True
C01787,Title_1787,Sci-Fi,Movie,159,2021-12-02,False
C01788,Title_1788,Horror,Movie,132,2021-01-20,False
C01789,Title_1789,Drama,Series,56,2021-10-23,True
C01790,Title_1790,Thriller,Series,40,2023-04-22,True
C01791,Title_1791,Action,Series,48,2023-07-02,True
C01792,Title_1792,Drama,Series,27,2018-08-31,False
C01793,Title_1793,Comedy,Movie,145,2024-02-15,True
C01794,Title_1794,Romance,Movie,167,2020-08-24,False
C01795,Title_1795,Horror,Movie,151,2021-02-24,False
C01796,Title_1796,Comedy,Movie,150,2022-06-19,False
C01797,Title_1797,Horror,Movie,142,2025-06-10,False
C01798,Title_1798,Drama,Documentary,98,2022-09-15,True
C01799,Title_1799,Romance,Series,49,2022-12-14,True
C01800,Title_1800,Documentary,Series,26,2020-11-11,False
C01801,Title_1801,Comedy,Documentary,106,2025-06-11,False
C01802,Title_1802,Animation,Movie,138,2023-09-08,False
C01803,Title_1803,Documentary,Special,112,2022-01-07,False
C01804,Title_1804,Action,Movie,152,2019-03-15,False
C01805,Title_1805,Crime,Series,50,2021-08-03,False
C01806,Title_1806,Action,Movie,112,2021-12-05,False
C01807,Title_1807,Crime,Movie,108,2018-02-02,False
C01808,Title_1808,Thriller,Series,20,2025-02-11,False
C01809,Title_1809,Documentary,Series,52,2023-05-10,False
C01810,Title_1810,Documentary,Documentary,83,2019-03-05,False
C01811,Title_1811,Horror,Movie,140,2018-01-05,True
C01812,Title_1812,Horror,Series,41,2022-10-14,True
C01813,Title_1813,Drama,Documentary,114,2022-02-25,False
C01814,Title_1814,Comedy,Series,40,2023-01-17,False
C01815,Title_1815,Thriller,Movie,161,2025-01-26,False
C01816,Title_1816,Thriller,Movie,154,2020-03-05,False
C01817,Title_1817,Horror,Special,56,2019-02-27,True
C01818,Title_1818,Crime,Series,42,2019-06-13,False
C01819,Title_1819,Action,Documentary,44,2019-07-31,True
C01820,Title_1820,Drama,Movie,98,2021-02-23,False
C01821,Title_1821,Animation,Documentary,96,2018-02-18,True
C01822,Title_1822,Comedy,Series,21,2021-11-12,False
C01823,Title_1823,Thriller,Movie,171,2023-06-14,False
C01824,Title_1824,Comedy,Series,52,2023-05-03,True
C01825,Title_1825,Horror,Documentary,119,2018-03-20,True
C01826,Title_1826,Action,Movie,125,2021-12-31,False
C01827,Title_1827,Sci-Fi,Movie,111,2018-05-17,False
C01828,Title_1828,Animation,Documentary,119,2020-12-31,False
C01829,Title_1829,Animation,Movie,173,2021-04-28,False
C01830,Title_1830,Thriller,Movie,157,2024-08-17,False
C01831,Title_1831,Drama,Movie,146,2023-09-12,False
C01832,Title_1832,Thriller,Movie,152,2022-05-18,True
C01833,Title_1833,Thriller,Movie,131,2025-05-29,True
C01834,Title_1834,Crime,Documentary,84,2020-10-13,True
C01835,Title_1835,Horror,Movie,149,2022-10-22,True
C01836,Title_1836,Action,Series,43,2020-08-06,True
C01837,Title_1837,Documentary,Movie,127,2020-02-17,False
C01838,Title_1838,Romance,Movie,119,2022-02-10,True
C01839,Title_1839,Comedy,Series,34,2021-01-31,False
C01840,Title_1840,Horror,Movie,83,2024-09-06,False
C01841,Title_1841,Animation,Series,59,2019-12-14,False
C01842,Title_1842,Horror,Series,59,2021-08-08,False
C01843,Title_1843,Drama,Series,26,2022-03-25,False
C01844,Title_1844,Action,Series,37,2025-01-27,True
C01845,Title_1845,Crime,Series,44,2020-11-03,False
C01846,Title_1846,Thriller,Movie,173,2021-11-10,True
C01847,Title_1847,Documentary,Movie,146,2021-02-17,True
C01848,Title_1848,Thriller,Movie,105,2020-10-16,True
C01849,Title_1849,Crime,Series,27,2024-07-04,False
C01850,Title_1850,Romance,Series,46,2020-07-13,False
C01851,Title_1851,Action,Series,39,2021-09-07,False
C01852,Title_1852,Romance,Series,53,2018-10-04,False
C01853,Title_1853,Action,Documentary,47,2021-03-09,False
C01854,Title_1854,Action,Series,34,2020-08-27,False
C01855,Title_1855,Drama,Movie,82,2018-05-05,False
C01856,Title_1856,Crime,Movie,154,2023-01-05,False
C01857,Title_1857,Crime,Movie,146,2023-12-18,True
C01858,Title_1858,Thriller,Series,28,2024-02-26,True
C01859,Title_1859,Comedy,Movie,117,2019-07-22,False
C01860,Title_1860,Romance,Movie,118,2020-04-11,True
C01861,Title_1861,Crime,Series,23,2024-12-09,False
C01862,Title_1862,Sci-Fi,Movie,122,2018-09-02,False
C01863,Title_1863,Documentary,Series,33,2018-05-14,True
C01864,Title_1864,Comedy,Movie,146,2022-09-09,False
C01865,Title_1865,Horror,Movie,85,2021-04-16,False
C01866,Title_1866,Thriller,Movie,125,2022-05-30,True
C01867,Title_1867,Thriller,Series,22,2019-02-06,False
C01868,Title_1868,Thriller,Movie,95,2023-05-24,False
C01869,Title_1869,Thriller,Special,72,2019-01-04,False
C01870,Title_1870,Comedy,Series,28,2021-12-19,False
C01871,Title_1871,Drama,Movie,106,2025-03-16,False
C01872,Title_1872,Documentary,Series,42,2021-03-18,True
C01873,Title_1873,Crime,Series,52,2023-09-07,False
C01874,Title_1874,Sci-Fi,Movie,135,2019-08-09,False
C01875,Title_1875,Crime,Movie,154,2023-10-10,True
C01876,Title_1876,Sci-Fi,Series,55,2023-04-10,False
C01877,Title_1877,Sci-Fi,Series,21,2021-08-12,True
C01878,Title_1878,Horror,Documentary,115,2019-10-25,True
C01879,Title_1879,Animation,Movie,162,2023-01-27,True
C01880,Title_1880,Action,Movie,159,2018-09-30,False
C01881,Title_1881,Comedy,Series,43,2021-09-17,False
C01882,Title_1882,Documentary,Movie,151,2022-03-06,False
C01883,Title_1883,Documentary,Movie,173,2018-10-24,True
C01884,Title_1884,Thriller,Series,52,2023-11-13,False
C01885,Title_1885,Drama,Movie,87,2024-04-17,False
C01886,Title_1886,Action,Series,36,2018-10-22,True
C01887,Title_1887,Comedy,Series,54,2020-02-15,False
C01888,Title_1888,Drama,Movie,93,2021-08-08,False
C01889,Title_1889,Drama,Movie,179,2019-02-25,False
C01890,Title_1890,Action,Movie,179,2024-05-21,True
C01891,Title_1891,Thriller,Movie,91,2019-01-28,False
C01892,Title_1892,Sci-Fi,Movie,92,2022-12-25,True
C01893,Title_1893,Comedy,Series,33,2019-01-15,True
C01894,Title_1894,Documentary,Movie,157,2020-10-23,False
C01895,Title_1895,Horror,Documentary,83,2024-02-18,True
C01896,Title_1896,Horror,Movie,123,2020-07-11,True
C01897,Title_1897,Animation,Series,25,2018-03-07,False
C01898,Title_1898,Documentary,Series,44,2018-06-08,True
C01899,Title_1899,Comedy,Series,36,2020-07-25,False
C01900,Title_1900,Documentary,Series,22,2022-06-03,False
C01901,Title_1901,Crime,Movie,122,2018-03-27,True
C01902,Title_1902,Action,Series,51,2025-06-12,False
C01903,Title_1903,Crime,Series,48,2023-05-25,True
C01904,Title_1904,Animation,Documentary,69,2022-12-28,False
C01905,Title_1905,Crime,Documentary,51,2022-05-24,False
C01906,Title_1906,Drama,Movie,146,2022-02-15,False
C01907,Title_1907,Horror,Special,48,2019-07-26,True
C01908,Title_1908,Sci-Fi,Series,54,2024-05-06,True
C01909,Title_1909,Thriller,Documentary,66,2021-01-03,True
C01910,Title_1910,Romance,Movie,125,2021-06-08,True
C01911,Title_1911,Documentary,Series,46,2021-11-25,True
C01912,Title_1912,Sci-Fi,Series,30,2021-08-02,False
C01913,Title_1913,Animation,Movie,97,2020-04-28,True
C01914,Title_1914,Animation,Movie,161,2018-09-24,True
C01915,Title_1915,Documentary,Movie,151,2019-08-11,False
C01916,Title_1916,Comedy,Movie,87,2019-07-08,False
C01917,Title_1917,Sci-Fi,Series,57,2023-12-12,False
C01918,Title_1918,Documentary,Movie,115,2020-02-12,False
C01919,Title_1919,Romance,Special,83,2021-12-11,True
C01920,Title_1920,Drama,Series,58,2023-10-16,False
C01921,Title_1921,Crime,Series,32,2018-06-12,False
C01922,Title_1922,Sci-Fi,Movie,167,2018-03-23,False
C01923,Title_1923,Animation,Movie,95,2018-08-06,True
C01924,Title_1924,Animation,Series,48,2019-09-04,False
C01925,Title_1925,Comedy,Series,49,2019-03-07,False
C01926,Title_1926,Comedy,Special,105,2020-04-20,False
C01927,Title_1927,Comedy,Series,34,2025-01-08,True
C01928,Title_1928,Drama,Series,31,2025-05-22,True
C01929,Title_1929,Sci-Fi,Movie,91,2021-09-07,False
C01930,Title_1930,Crime,Movie,139,2025-04-18,False
C01931,Title_1931,Horror,Movie,171,2020-01-31,False
C01932,Title_1932,Drama,Series,57,2021-04-12,True
C01933,Title_1933,Action,Series,24,2022-04-04,True
C01934,Title_1934,Thriller,Series,31,2025-03-17,False
C01935,Title_1935,Horror,Series,48,2021-02-03,False
C01936,Title_1936,Drama,Movie,147,2025-06-03,False
C01937,Title_1937,Documentary,Documentary,119,2021-02-05,False
C01938,Title_1938,Thriller,Documentary,70,2020-11-26,False
C01939,Title_1939,Crime,Series,47,2021-11-02,True
C01940,Title_1940,Animation,Movie,85,2021-09-21,True
C01941,Title_1941,Drama,Series,35,2019-06-17,False
C01942,Title_1942,Sci-Fi,Special,76,2018-10-01,True
C01943,Title_1943,Animation,Series,52,2022-07-16,False
C01944,Title_1944,Crime,Series,58,2020-10-30,True
C01945,Title_1945,Animation,Documentary,95,2019-02-02,False
C01946,Title_1946,Horror,Series,25,2019-03-01,False
C01947,Title_1947,Animation,Movie,106,2023-10-31,False
C01948,Title_1948,Documentary,Movie,177,2022-09-26,True
C01949,Title_1949,Crime,Series,50,2018-06-02,True
C01950,Title_1950,Documentary,Series,26,2019-03-31,True
C01951,Title_1951,Drama,Series,33,2019-11-15,True
C01952,Title_1952,Drama,Movie,152,2018-12-21,True
C01953,Title_1953,Crime,Movie,151,2024-09-20,False
C01954,Title_1954,Comedy,Movie,157,2020-02-25,False
C01955,Title_1955,Action,Movie,80,2020-10-15,True
C01956,Title_1956,Drama,Movie,153,2023-07-29,False
C01957,Title_1957,Crime,Movie,83,2021-05-21,True
C01958,Title_1958,Thriller,Movie,138,2024-05-09,True
C01959,Title_1959,Thriller,Series,20,2025-02-22,False
C01960,Title_1960,Sci-Fi,Series,36,2019-05-20,False
C01961,Title_1961,Crime,Series,45,2018-08-04,False
C01962,Title_1962,Documentary,Series,37,2020-10-06,True
C01963,Title_1963,Horror,Movie,122,2022-03-24,True
C01964,Title_1964,Romance,Movie,93,2018-04-30,False
C01965,Title_1965,Sci-Fi,Movie,108,2019-12-20,False
C01966,Title_1966,Crime,Special,108,2024-12-01,False
C01967,Title_1967,Crime,Documentary,102,2024-05-17,False
C01968,Title_1968,Crime,Movie,101,2019-03-31,False
C01969,Title_1969,Romance,Movie,167,2024-06-17,True
C01970,Title_1970,Animation,Documentary,83,2024-08-12,True
C01971,Title_1971,Documentary,Movie,115,2018-02-02,True
C01972,Title_1972,Documentary,Movie,174,2018-07-10,False
C01973,Title_1973,Romance,Movie,137,2021-01-06,False
C01974,Title_1974,Action,Documentary,68,2018-04-29,True
C01975,Title_1975,Action,Movie,140,2022-01-24,False
C01976,Title_1976,Sci-Fi,Movie,86,2018-11-11,True
C01977,Title_1977,Documentary,Series,56,2019-05-07,False
C01978,Title_1978,Sci-Fi,Series,57,2022-05-05,False
C01979,Title_1979,Horror,Series,26,2021-08-28,False
C01980,Title_1980,Comedy,Documentary,77,2022-02-23,False
C01981,Title_1981,Horror,Series,53,2023-10-13,False
C01982,Title_1982,Sci-Fi,Series,53,2021-08-22,False
C01983,Title_1983,Crime,Movie,123,2022-08-09,True
C01984,Title_1984,Drama,Series,28,2022-05-17,True
C01985,Title_1985,Action,Movie,83,2020-11-10,False
C01986,Title_1986,Animation,Series,57,2019-06-15,False
C01987,Title_1987,Crime,Series,50,2018-08-15,False
C01988,Title_1988,Horror,Movie,83,2019-01-20,False
C01989,Title_1989,Documentary,Series,27,2020-12-05,False
C01990,Title_1990,Crime,Series,56,2020-06-02,True
C01991,Title_1991,Crime,Special,78,2022-02-18,False
C01992,Title_1992,Thriller,Documentary,65,2024-02-01,False
C01993,Title_1993,Drama,Movie,105,2024-06-05,False
C01994,Title_1994,Sci-Fi,Series,44,2020-04-08,True
C01995,Title_1995,Action,Series,28,2019-03-02,False
C01996,Title_1996,Romance,Movie,147,2019-02-01,False
C01997,Title_1997,Action,Movie,157,2023-12-28,False
C01998,Title_1998,Documentary,Special,71,2019-12-12,False
C01999,Title_1999,Sci-Fi,Movie,82,2022-02-28,False
C02000,Title_2000,Crime,Documentary,47,2019-11-19,False
C02001,Title_2001,Horror,Series,21,2022-01-29,True
C02002,Title_2002,Thriller,Series,37,2020-12-11,False
C02003,Title_2003,Sci-Fi,Series,59,2023-06-06,True
C02004,Title_2004,Comedy,Series,43,2019-10-31,False
C02005,Title_2005,Horror,Special,103,2021-06-17,False
C02006,Title_2006,Animation,Documentary,116,2021-06-18,False
C02007,Title_2007,Horror,Movie,165,2020-04-01,False
C02008,Title_2008,Thriller,Series,46,2018-04-24,False
C02009,Title_2009,Documentary,Series,54,2025-01-25,False
C02010,Title_2010,Romance,Movie,146,2024-04-11,False
C02011,Title_2011,Romance,Movie,173,2024-07-13,False
C02012,Title_2012,Drama,Movie,99,2024-11-04,False
C02013,Title_2013,Comedy,Series,31,2018-03-28,True
C02014,Title_2014,Drama,Series,32,2019-02-22,False
C02015,Title_2015,Horror,Series,36,2023-02-02,False
C02016,Title_2016,Drama,Movie,97,2022-09-24,False
C02017,Title_2017,Horror,Series,33,2024-02-01,True
C02018,Title_2018,Drama,Series,38,2024-11-23,False
C02019,Title_2019,Thriller,Movie,86,2023-11-27,False
C02020,Title_2020,Sci-Fi,Series,37,2022-07-12,True
C02021,Title_2021,Comedy,Series,36,2019-11-12,False
C02022,Title_2022,Sci-Fi,Special,114,2022-04-20,False
C02023,Title_2023,Crime,Movie,96,2018-01-18,True
C02024,Title_2024,Romance,Special,54,2018-08-22,False
C02025,Title_2025,Animation,Series,42,2019-12-23,True
C02026,Title_2026,Crime,Series,42,2024-12-22,False
C02027,Title_2027,Thriller,Documentary,78,2023-11-27,False
C02028,Title_2028,Crime,Movie,102,2024-07-18,False
C02029,Title_2029,Sci-Fi,Series,26,2022-04-04,False
C02030,Title_2030,Thriller,Movie,81,2023-07-31,False
C02031,Title_2031,Sci-Fi,Series,42,2024-03-23,False
C02032,Title_2032,Action,Movie,134,2024-02-08,False
C02033,Title_2033,Documentary,Special,68,2024-01-11,False
C02034,Title_2034,Animation,Movie,123,2022-08-13,False
C02035,Title_2035,Drama,Documentary,95,2023-07-01,False
C02036,Title_2036,Crime,Series,47,2024-05-07,True
C02037,Title_2037,Drama,Series,56,2020-11-01,False
C02038,Title_2038,Animation,Movie,142,2022-12-06,True
C02039,Title_2039,Animation,Movie,114,2022-06-29,False
C02040,Title_2040,Horror,Movie,98,2024-08-28,False
C02041,Title_2041,Sci-Fi,Series,54,2023-06-11,False
C02042,Title_2042,Action,Movie,171,2021-01-24,False
C02043,Title_2043,Animation,Documentary,112,2022-02-20,False
C02044,Title_2044,Romance,Movie,179,2023-10-28,True
C02045,Title_2045,Drama,Movie,131,2020-03-03,False
C02046,Title_2046,Sci-Fi,Movie,99,2025-04-05,False
C02047,Title_2047,Animation,Movie,138,2019-08-27,False
C02048,Title_2048,Action,Series,55,2018-08-03,False
C02049,Title_2049,Crime,Movie,87,2018-09-13,False
C02050,Title_2050,Action,Series,24,2023-08-31,False
C02051,Title_2051,Crime,Series,31,2021-11-12,True
C02052,Title_2052,Thriller,Series,20,2018-10-31,False
C02053,Title_2053,Romance,Movie,128,2024-06-05,True
C02054,Title_2054,Drama,Series,22,2024-05-28,True
C02055,Title_2055,Drama,Series,40,2022-09-30,True
C02056,Title_2056,Thriller,Movie,102,2020-05-04,False
C02057,Title_2057,Action,Movie,118,2025-02-09,False
C02058,Title_2058,Sci-Fi,Movie,106,2020-07-24,False
C02059,Title_2059,Documentary,Documentary,54,2018-08-24,False
C02060,Title_2060,Romance,Series,52,2023-04-11,True
C02061,Title_2061,Drama,Movie,123,2019-03-05,True
C02062,Title_2062,Thriller,Documentary,117,2022-10-08,False
C02063,Title_2063,Sci-Fi,Movie,111,2021-05-02,False
C02064,Title_2064,Sci-Fi,Movie,112,2022-05-27,False
C02065,Title_2065,Comedy,Documentary,64,2018-01-07,False
C02066,Title_2066,Drama,Series,39,2020-05-03,False
C02067,Title_2067,Crime,Movie,93,2018-04-16,False
C02068,Title_2068,Documentary,Movie,159,2020-09-15,False
C02069,Title_2069,Action,Series,28,2018-01-04,False
C02070,Title_2070,Thriller,Series,57,2023-08-01,True
C02071,Title_2071,Comedy,Movie,136,2023-12-09,True
C02072,Title_2072,Animation,Movie,137,2024-01-17,True
C02073,Title_2073,Horror,Movie,141,2024-10-06,False
C02074,Title_2074,Romance,Series,33,2021-05-25,False
C02075,Title_2075,Thriller,Series,44,2020-03-20,False
C02076,Title_2076,Action,Movie,126,2024-02-16,True
C02077,Title_2077,Animation,Series,26,2021-06-09,False
C02078,Title_2078,Drama,Documentary,71,2019-08-06,False
C02079,Title_2079,Drama,Movie,179,2018-03-01,False
C02080,Title_2080,Romance,Movie,132,2018-10-14,True
C02081,Title_2081,Romance,Series,20,2024-01-25,True
C02082,Title_2082,Thriller,Series,34,2020-08-26,False
C02083,Title_2083,Sci-Fi,Movie,132,2024-10-27,False
C02084,Title_2084,Sci-Fi,Movie,88,2020-01-14,False
C02085,Title_2085,Romance,Movie,152,2021-07-20,False
C02086,Title_2086,Drama,Series,41,2025-02-03,True
C02087,Title_2087,Animation,Documentary,93,2019-02-22,False
C02088,Title_2088,Horror,Movie,160,2020-06-17,True
C02089,Title_2089,Thriller,Movie,129,2025-04-27,False
C02090,Title_2090,Drama,Series,33,2022-06-30,True
C02091,Title_2091,Crime,Series,51,2023-12-04,False
C02092,Title_2092,Horror,Series,48,2021-05-30,True
C02093,Title_2093,Sci-Fi,Movie,97,2020-01-03,True
C02094,Title_2094,Comedy,Movie,118,2019-09-01,False
C02095,Title_2095,Romance,Movie,157,2024-06-05,False
C02096,Title_2096,Drama,Series,20,2025-01-09,False
C02097,Title_2097,Horror,Movie,161,2019-12-28,False
C02098,Title_2098,Crime,Series,22,2022-08-20,False
C02099,Title_2099,Sci-Fi,Series,41,2022-05-09,True
C02100,Title_2100,Horror,Movie,168,2024-11-26,False
C02101,Title_2101,Thriller,Movie,99,2021-12-08,False
C02102,Title_2102,Action,Movie,136,2018-01-11,True
C02103,Title_2103,Action,Series,37,2025-01-23,False
C02104,Title_2104,Horror,Documentary,74,2019-11-07,False
C02105,Title_2105,Animation,Movie,92,2018-10-19,False
C02106,Title_2106,Romance,Series,54,2019-09-19,True
C02107,Title_2107,Drama,Series,35,2023-08-09,False
C02108,Title_2108,Animation,Movie,176,2025-06-26,False
C02109,Title_2109,Animation,Series,54,2020-03-01,False
C02110,Title_2110,Action,Series,36,2019-05-24,True
C02111,Title_2111,Crime,Movie,136,2022-09-21,False
C02112,Title_2112,Sci-Fi,Documentary,81,2025-03-22,False
C02113,Title_2113,Drama,Series,20,2018-07-13,False
C02114,Title_2114,Animation,Movie,130,2024-03-31,False
C02115,Title_2115,Horror,Series,49,2018-02-16,True
C02116,Title_2116,Thriller,Series,24,2019-04-05,True
C02117,Title_2117,Sci-Fi,Series,20,2023-09-09,True
C02118,Title_2118,Animation,Series,23,2021-05-19,False
C02119,Title_2119,Thriller,Movie,158,2019-10-02,False
C02120,Title_2120,Horror,Series,32,2018-06-28,False
C02121,Title_2121,Sci-Fi,Movie,121,2022-11-03,False
C02122,Title_2122,Action,Movie,172,2018-05-05,True
C02123,Title_2123,Action,Series,39,2021-08-31,True
C02124,Title_2124,Romance,Movie,100,2025-02-07,False
C02125,Title_2125,Comedy,Movie,158,2019-10-23,False
C02126,Title_2126,Sci-Fi,Series,54,2023-02-20,False
C02127,Title_2127,Comedy,Movie,148,2018-04-10,True
C02128,Title_2128,Crime,Series,34,2018-03-15,True
C02129,Title_2129,Action,Series,43,2022-01-01,True
C02130,Title_2130,Documentary,Movie,94,2021-01-16,False
C02131,Title_2131,Thriller,Movie,130,2020-06-28,True
C02132,Title_2132,Crime,Movie,162,2021-01-18,True
C02133,Title_2133,Sci-Fi,Series,58,2018-09-16,False
C02134,Title_2134,Romance,Movie,95,2020-05-31,True
C02135,Title_2135,Romance,Series,51,2020-12-20,False
C02136,Title_2136,Thriller,Movie,132,2020-11-29,False
C02137,Title_2137,Comedy,Documentary,92,2020-02-29,False
C02138,Title_2138,Comedy,Series,20,2018-06-18,False
C02139,Title_2139,Action,Special,95,2021-04-21,False
C02140,Title_2140,Sci-Fi,Movie,97,2025-02-14,False
C02141,Title_2141,Romance,Movie,124,2020-12-30,True
C02142,Title_2142,Crime,Special,82,2022-06-29,False
C02143,Title_2143,Comedy,Special,107,2024-07-27,False
C02144,Title_2144,Drama,Movie,168,2020-11-02,False
C02145,Title_2145,Drama,Series,44,2022-10-06,False
C02146,Title_2146,Horror,Movie,86,2022-05-18,True
C02147,Title_2147,Documentary,Documentary,56,2021-11-21,True
C02148,Title_2148,Comedy,Movie,167,2020-01-14,False
C02149,Title_2149,Sci-Fi,Series,56,2019-11-22,False
C02150,Title_2150,Horror,Movie,164,2018-07-09,True
C02151,Title_2151,Documentary,Movie,99,2018-02-03,True
C02152,Title_2152,Crime,Series,56,2022-11-14,False
C02153,Title_2153,Drama,Movie,166,2021-01-14,True
C02154,Title_2154,Romance,Series,23,2018-10-19,False
C02155,Title_2155,Animation,Series,57,2025-05-28,False
C02156,Title_2156,Thriller,Movie,94,2024-11-26,False
C02157,Title_2157,Romance,Series,52,2021-06-02,False
C02158,Title_2158,Thriller,Movie,158,2021-07-06,False
C02159,Title_2159,Sci-Fi,Movie,84,2023-08-25,False
C02160,Title_2160,Drama,Series,32,2021-05-01,False
C02161,Title_2161,Thriller,Movie,170,2025-02-12,False
C02162,Title_2162,Drama,Documentary,61,2023-09-26,True
C02163,Title_2163,Thriller,Series,52,2019-08-31,False
C02164,Title_2164,Romance,Movie,107,2021-08-08,False
C02165,Title_2165,Comedy,Series,31,2022-04-21,False
C02166,Title_2166,Crime,Special,75,2020-04-28,True
C02167,Title_2167,Action,Movie,115,2019-06-24,False
C02168,Title_2168,Documentary,Series,52,2019-07-07,False
C02169,Title_2169,Drama,Movie,110,2025-06-03,False
C02170,Title_2170,Thriller,Documentary,73,2018-04-12,False
C02171,Title_2171,Thriller,Series,49,2021-12-15,True
C02172,Title_2172,Thriller,Movie,157,2018-10-30,False
C02173,Title_2173,Documentary,Series,31,2024-08-19,True
C02174,Title_2174,Thriller,Series,28,2021-04-25,False
C02175,Title_2175,Drama,Movie,145,2022-04-20,True
C02176,Title_2176,Romance,Movie,142,2023-09-09,False
C02177,Title_2177,Comedy,Movie,175,2024-03-27,True
C02178,Title_2178,Crime,Movie,106,2025-06-10,False
C02179,Title_2179,Animation,Series,42,2020-01-31,False
C02180,Title_2180,Sci-Fi,Movie,139,2018-03-06,True
C02181,Title_2181,Horror,Special,40,2024-11-28,False
C02182,Title_2182,Action,Movie,150,2020-01-04,False
C02183,Title_2183,Comedy,Documentary,65,2020-03-14,False
C02184,Title_2184,Drama,Movie,139,2025-01-29,False
C02185,Title_2185,Thriller,Special,52,2024-01-27,False
C02186,Title_2186,Crime,Series,52,2020-07-03,False
C02187,Title_2187,Drama,Series,38,2022-06-09,True
C02188,Title_2188,Comedy,Series,45,2021-05-10,False
C02189,Title_2189,Romance,Documentary,114,2019-09-15,True
C02190,Title_2190,Action,Special,83,2019-10-01,True
C02191,Title_2191,Documentary,Movie,151,2022-12-17,False
C02192,Title_2192,Action,Series,46,2020-04-09,True
C02193,Title_2193,Crime,Movie,150,2022-03-26,False
C02194,Title_2194,Comedy,Movie,167,2021-01-19,False
C02195,Title_2195,Drama,Series,43,2023-04-04,False
C02196,Title_2196,Thriller,Series,56,2020-07-26,True
C02197,Title_2197,Sci-Fi,Series,21,2025-01-17,False
C02198,Title_2198,Thriller,Movie,106,2019-09-19,False
C02199,Title_2199,Romance,Series,41,2025-05-21,False
C02200,Title_2200,Drama,Special,44,2021-08-06,True
C02201,Title_2201,Documentary,Movie,87,2023-02-04,True
C02202,Title_2202,Comedy,Movie,158,2024-02-19,False
C02203,Title_2203,Animation,Movie,101,2023-06-13,True
C02204,Title_2204,Horror,Movie,114,2020-09-12,False
C02205,Title_2205,Documentary,Movie,121,2024-10-18,True
C02206,Title_2206,Romance,Movie,156,2024-07-26,False
C02207,Title_2207,Sci-Fi,Series,22,2023-09-04,False
C02208,Title_2208,Sci-Fi,Movie,99,2020-05-01,False
C02209,Title_2209,Horror,Movie,172,2023-03-17,False
C02210,Title_2210,Thriller,Documentary,69,2022-05-22,False
C02211,Title_2211,Action,Movie,82,2019-05-08,True
C02212,Title_2212,Romance,Movie,106,2022-09-11,True
C02213,Title_2213,Sci-Fi,Series,52,2025-05-06,False
C02214,Title_2214,Horror,Series,32,2019-08-10,True
C02215,Title_2215,Action,Movie,99,2020-11-22,False
C02216,Title_2216,Horror,Movie,102,2018-11-02,False
C02217,Title_2217,Crime,Movie,175,2023-07-18,False
C02218,Title_2218,Comedy,Series,58,2021-07-31,False
C02219,Title_2219,Horror,Series,23,2024-03-25,False
C02220,Title_2220,Crime,Movie,128,2019-10-07,False
C02221,Title_2221,Comedy,Movie,175,2025-06-14,False
C02222,Title_2222,Drama,Series,21,2019-08-16,False
C02223,Title_2223,Horror,Documentary,65,2022-04-04,True
C02224,Title_2224,Comedy,Series,24,2020-04-10,False
C02225,Title_2225,Thriller,Movie,130,2021-03-16,True
C02226,Title_2226,Animation,Special,100,2024-11-03,True
C02227,Title_2227,Romance,Series,45,2020-01-18,False
C02228,Title_2228,Documentary,Movie,151,2021-09-17,True
C02229,Title_2229,Animation,Movie,123,2023-06-02,False
C02230,Title_2230,Animation,Series,57,2024-12-17,False
C02231,Title_2231,Horror,Documentary,42,2019-06-21,True
C02232,Title_2232,Crime,Series,41,2023-08-05,True
C02233,Title_2233,Comedy,Movie,84,2022-03-14,True
C02234,Title_2234,Romance,Movie,122,2020-08-13,False
C02235,Title_2235,Documentary,Movie,136,2021-12-10,False
C02236,Title_2236,Thriller,Movie,176,2024-06-05,True
C02237,Title_2237,Animation,Movie,99,2025-04-08,False
C02238,Title_2238,Documentary,Series,36,2019-10-29,False
C02239,Title_2239,Action,Series,56,2022-08-29,True
C02240,Title_2240,Documentary,Series,50,2024-06-27,False
C02241,Title_2241,Animation,Series,48,2022-12-09,False
C02242,Title_2242,Action,Movie,81,2020-11-28,False
C02243,Title_2243,Animation,Movie,91,2021-05-25,True
C02244,Title_2244,Action,Movie,118,2018-09-11,False
C02245,Title_2245,Crime,Series,51,2023-04-04,False
C02246,Title_2246,Horror,Series,41,2025-06-05,False
C02247,Title_2247,Comedy,Movie,91,2025-03-09,True
C02248,Title_2248,Thriller,Movie,113,2020-01-19,True
C02249,Title_2249,Documentary,Movie,113,2019-07-04,False
C02250,Title_2250,Documentary,Movie,91,2018-12-07,True
C02251,Title_2251,Crime,Series,50,2023-09-26,False
C02252,Title_2252,Horror,Movie,85,2024-11-15,True
C02253,Title_2253,Thriller,Series,43,2020-12-04,True
C02254,Title_2254,Thriller,Series,52,2025-01-09,False
C02255,Title_2255,Romance,Special,44,2021-03-24,False
C02256,Title_2256,Crime,Series,35,2020-09-26,True
C02257,Title_2257,Sci-Fi,Series,51,2022-03-11,True
C02258,Title_2258,Animation,Movie,105,2018-10-05,True
C02259,Title_2259,Sci-Fi,Documentary,111,2024-07-16,False
C02260,Title_2260,Romance,Movie,119,2024-03-07,True
C02261,Title_2261,Documentary,Movie,110,2021-06-19,False
C02262,Title_2262,Crime,Series,31,2018-12-09,True
C02263,Title_2263,Thriller,Series,47,2024-08-07,False
C02264,Title_2264,Crime,Movie,146,2018-11-29,False
C02265,Title_2265,Crime,Series,26,2019-01-08,False
C02266,Title_2266,Comedy,Movie,170,2018-03-09,False
C02267,Title_2267,Comedy,Movie,116,2023-03-25,False
C02268,Title_2268,Crime,Series,32,2022-05-27,False
C02269,Title_2269,Sci-Fi,Documentary,102,2022-08-04,False
C02270,Title_2270,Comedy,Documentary,61,2025-01-01,True
C02271,Title_2271,Comedy,Movie,147,2020-10-12,False
C02272,Title_2272,Thriller,Movie,138,2019-12-21,False
C02273,Title_2273,Horror,Movie,161,2020-04-07,True
C02274,Title_2274,Action,Series,50,2019-07-26,False
C02275,Title_2275,Sci-Fi,Movie,106,2022-06-10,True
C02276,Title_2276,Drama,Movie,174,2023-03-15,True
C02277,Title_2277,Drama,Special,47,2021-05-10,False
C02278,Title_2278,Documentary,Series,26,2018-10-06,False
C02279,Title_2279,Thriller,Movie,107,2020-03-21,False
C02280,Title_2280,Romance,Series,43,2025-04-28,True
C02281,Title_2281,Crime,Movie,105,2022-11-03,False
C02282,Title_2282,Action,Movie,92,2020-09-14,True
C02283,Title_2283,Comedy,Movie,161,2018-01-14,False
C02284,Title_2284,Documentary,Series,29,2024-07-19,False
C02285,Title_2285,Romance,Movie,120,2022-06-29,False
C02286,Title_2286,Documentary,Movie,111,2019-10-12,True
C02287,Title_2287,Horror,Movie,101,2022-12-16,False
C02288,Title_2288,Romance,Documentary,51,2021-07-25,True
C02289,Title_2289,Drama,Movie,159,2024-04-17,True
C02290,Title_2290,Sci-Fi,Movie,129,2018-09-29,True
C02291,Title_2291,Horror,Documentary,91,2022-01-20,True
C02292,Title_2292,Thriller,Special,92,2020-12-17,False
C02293,Title_2293,Romance,Series,42,2025-02-23,False
C02294,Title_2294,Action,Documentary,58,2022-05-16,False
C02295,Title_2295,Comedy,Series,57,2019-02-18,False
C02296,Title_2296,Documentary,Movie,145,2020-05-31,True
C02297,Title_2297,Romance,Series,53,2022-07-13,True
C02298,Title_2298,Crime,Series,23,2024-05-21,False
C02299,Title_2299,Romance,Series,26,2018-05-30,True
C02300,Title_2300,Documentary,Series,40,2018-03-07,False
C02301,Title_2301,Documentary,Series,29,2024-12-03,False
C02302,Title_2302,Action,Series,51,2020-12-01,True
C02303,Title_2303,Animation,Series,44,2018-05-27,False
C02304,Title_2304,Thriller,Series,32,2018-05-12,False
C02305,Title_2305,Comedy,Movie,106,2018-08-08,True
C02306,Title_2306,Drama,Special,74,2025-03-08,True
C02307,Title_2307,Horror,Series,27,2024-02-20,False
C02308,Title_2308,Animation,Movie,147,2023-01-01,False
C02309,Title_2309,Horror,Series,39,2023-08-15,True
C02310,Title_2310,Action,Series,27,2018-08-16,False
C02311,Title_2311,Romance,Series,35,2020-06-13,False
C02312,Title_2312,Romance,Series,47,2018-07-21,True
C02313,Title_2313,Sci-Fi,Series,29,2018-07-12,True
C02314,Title_2314,Action,Movie,130,2022-05-22,True
C02315,Title_2315,Sci-Fi,Movie,138,2019-06-11,False
C02316,Title_2316,Sci-Fi,Movie,138,2019-12-07,False
C02317,Title_2317,Documentary,Series,25,2019-11-22,False
C02318,Title_2318,Sci-Fi,Movie,103,2023-10-13,True
C02319,Title_2319,Sci-Fi,Series,40,2022-09-03,False
C02320,Title_2320,Animation,Series,36,2021-11-08,False
C02321,Title_2321,Romance,Documentary,66,2019-01-17,False
C02322,Title_2322,Animation,Movie,93,2018-08-29,True
C02323,Title_2323,Crime,Documentary,81,2019-09-25,True
C02324,Title_2324,Animation,Movie,149,2018-05-09,False
C02325,Title_2325,Thriller,Series,51,2023-07-19,True
C02326,Title_2326,Drama,Series,23,2021-11-02,True
C02327,Title_2327,Horror,Series,29,2022-11-29,False
C02328,Title_2328,Thriller,Series,58,2019-06-13,False
C02329,Title_2329,Romance,Series,34,2024-05-25,False
C02330,Title_2330,Romance,Series,54,2022-12-28,False
C02331,Title_2331,Documentary,Movie,165,2020-10-24,False
C02332,Title_2332,Animation,Movie,98,2022-04-18,False
C02333,Title_2333,Horror,Documentary,112,2018-05-21,False
C02334,Title_2334,Romance,Series,53,2023-02-06,False
C02335,Title_2335,Action,Series,55,2025-02-13,False
C02336,Title_2336,Thriller,Movie,176,2024-11-04,True
C02337,Title_2337,Comedy,Movie,80,2024-02-23,True
C02338,Title_2338,Romance,Movie,167,2024-05-22,True
C02339,Title_2339,Comedy,Documentary,108,2021-08-01,False
C02340,Title_2340,Sci-Fi,Series,45,2019-06-23,False
C02341,Title_2341,Horror,Movie,139,2024-12-26,True
C02342,Title_2342,Romance,Series,32,2018-07-21,False
C02343,Title_2343,Thriller,Series,37,2019-12-23,False
C02344,Title_2344,Sci-Fi,Movie,91,2019-12-20,True
C02345,Title_2345,Romance,Series,42,2018-12-08,False
C02346,Title_2346,Documentary,Series,42,2023-01-25,False
C02347,Title_2347,Crime,Series,55,2025-01-27,True
C02348,Title_2348,Thriller,Movie,134,2021-06-29,False
C02349,Title_2349,Romance,Movie,82,2022-09-16,False
C02350,Title_2350,Animation,Movie,145,2022-09-16,False
C02351,Title_2351,Animation,Movie,85,2021-02-03,False
C02352,Title_2352,Animation,Series,31,2024-10-02,True
C02353,Title_2353,Thriller,Series,38,2020-09-19,False
C02354,Title_2354,Horror,Movie,152,2020-05-17,True
C02355,Title_2355,Romance,Series,44,2021-02-20,False
C02356,Title_2356,Thriller,Series,57,2022-07-17,True
C02357,Title_2357,Crime,Documentary,89,2018-12-13,True
C02358,Title_2358,Documentary,Documentary,94,2018-07-16,True
C02359,Title_2359,Horror,Series,58,2025-06-06,False
C02360,Title_2360,Animation,Movie,150,2022-02-06,True
C02361,Title_2361,Animation,Movie,116,2024-08-02,False
C02362,Title_2362,Romance,Movie,119,2018-02-27,False
C02363,Title_2363,Romance,Series,21,2019-08-07,False
C02364,Title_2364,Animation,Series,39,2018-08-12,False
C02365,Title_2365,Documentary,Movie,155,2023-06-14,False
C02366,Title_2366,Documentary,Movie,111,2020-12-24,False
C02367,Title_2367,Romance,Series,41,2020-02-26,False
C02368,Title_2368,Drama,Series,34,2021-08-08,True
C02369,Title_2369,Comedy,Movie,131,2018-06-22,False
C02370,Title_2370,Crime,Series,21,2022-09-20,True
C02371,Title_2371,Thriller,Series,54,2025-04-21,False
C02372,Title_2372,Sci-Fi,Documentary,41,2019-09-04,False
C02373,Title_2373,Comedy,Series,46,2018-03-21,False
C02374,Title_2374,Animation,Documentary,110,2019-06-03,True
C02375,Title_2375,Romance,Movie,104,2019-12-18,False
C02376,Title_2376,Action,Documentary,105,2018-11-15,True
C02377,Title_2377,Drama,Movie,144,2022-09-15,False
C02378,Title_2378,Action,Series,43,2022-07-21,True
C02379,Title_2379,Thriller,Series,20,2021-03-05,True
C02380,Title_2380,Animation,Movie,97,2019-06-03,False
C02381,Title_2381,Thriller,Movie,142,2024-11-04,False
C02382,Title_2382,Horror,Movie,97,2022-07-27,True
C02383,Title_2383,Documentary,Series,41,2018-06-30,True
C02384,Title_2384,Crime,Series,29,2024-05-08,True
C02385,Title_2385,Documentary,Series,46,2021-04-04,False
C02386,Title_2386,Animation,Series,21,2018-02-10,True
C02387,Title_2387,Action,Movie,110,2019-10-30,True
C02388,Title_2388,Horror,Movie,174,2019-09-09,False
C02389,Title_2389,Sci-Fi,Movie,165,2022-04-30,False
C02390,Title_2390,Animation,Movie,108,2018-07-05,False
C02391,Title_2391,Sci-Fi,Series,37,2022-04-14,True
C02392,Title_2392,Comedy,Documentary,85,2019-09-17,False
C02393,Title_2393,Sci-Fi,Movie,147,2019-05-07,False
C02394,Title_2394,Animation,Series,22,2020-07-28,False
C02395,Title_2395,Action,Movie,98,2023-11-28,False
C02396,Title_2396,Horror,Special,65,2021-12-31,False
C02397,Title_2397,Drama,Movie,121,2024-08-20,True
C02398,Title_2398,Crime,Movie,95,2022-10-05,False
C02399,Title_2399,Thriller,Movie,131,2021-01-06,False
C02400,Title_2400,Thriller,Movie,112,2021-05-28,True
C02401,Title_2401,Crime,Movie,118,2018-10-06,False
C02402,Title_2402,Comedy,Movie,122,2020-11-07,False
C02403,Title_2403,Drama,Series,57,2022-07-08,True
C02404,Title_2404,Drama,Series,39,2021-06-16,True
C02405,Title_2405,Horror,Movie,83,2019-12-13,True
C02406,Title_2406,Crime,Movie,94,2024-05-03,False
C02407,Title_2407,Documentary,Movie,122,2022-04-03,False
C02408,Title_2408,Documentary,Documentary,45,2024-05-03,True
C02409,Title_2409,Animation,Series,35,2019-03-29,True
C02410,Title_2410,Comedy,Movie,122,2019-05-26,True
C02411,Title_2411,Crime,Movie,93,2019-05-22,False
C02412,Title_2412,Documentary,Series,33,2022-08-10,False
C02413,Title_2413,Romance,Special,74,2023-09-16,True
C02414,Title_2414,Thriller,Series,21,2019-12-08,True
C02415,Title_2415,Thriller,Movie,125,2023-02-15,False
C02416,Title_2416,Animation,Series,38,2020-02-02,True
C02417,Title_2417,Thriller,Movie,100,2025-03-16,True
C02418,Title_2418,Comedy,Series,28,2024-01-03,True
C02419,Title_2419,Sci-Fi,Movie,155,2023-08-07,False
C02420,Title_2420,Comedy,Documentary,43,2021-03-20,True
C02421,Title_2421,Sci-Fi,Movie,140,2023-04-10,True
C02422,Title_2422,Horror,Movie,154,2022-01-23,False
C02423,Title_2423,Comedy,Movie,174,2021-10-20,False
C02424,Title_2424,Animation,Movie,144,2024-07-14,False
C02425,Title_2425,Action,Documentary,69,2024-08-15,True
C02426,Title_2426,Crime,Series,52,2018-07-23,False
C02427,Title_2427,Animation,Movie,160,2023-11-14,True
C02428,Title_2428,Thriller,Series,32,2019-09-02,False
C02429,Title_2429,Drama,Series,23,2018-05-07,False
C02430,Title_2430,Crime,Movie,127,2019-12-06,False
C02431,Title_2431,Drama,Documentary,70,2022-07-14,False
C02432,Title_2432,Animation,Movie,161,2021-11-23,True
C02433,Title_2433,Horror,Series,54,2020-05-27,True
C02434,Title_2434,Comedy,Series,59,2021-09-29,True
C02435,Title_2435,Drama,Series,43,2018-08-22,True
C02436,Title_2436,Action,Series,28,2020-07-03,True
C02437,Title_2437,Sci-Fi,Movie,87,2023-04-07,True
C02438,Title_2438,Sci-Fi,Series,56,2022-06-14,False
C02439,Title_2439,Animation,Series,55,2022-12-12,False
C02440,Title_2440,Crime,Movie,111,2023-03-16,False
C02441,Title_2441,Drama,Series,22,2023-10-12,False
C02442,Title_2442,Romance,Series,27,2024-10-26,False
C02443,Title_2443,Animation,Series,23,2023-03-28,False
C02444,Title_2444,Drama,Movie,80,2019-04-02,False
C02445,Title_2445,Horror,Movie,171,2021-08-10,False
C02446,Title_2446,Comedy,Documentary,56,2021-08-03,False
C02447,Title_2447,Romance,Movie,159,2022-07-27,False
C02448,Title_2448,Horror,Series,22,2019-04-16,False
C02449,Title_2449,Documentary,Movie,111,2020-09-02,True
C02450,Title_2450,Comedy,Movie,89,2018-09-26,False
C02451,Title_2451,Action,Movie,80,2019-02-20,False
C02452,Title_2452,Documentary,Movie,150,2023-05-07,False
C02453,Title_2453,Horror,Series,58,2019-12-31,False
C02454,Title_2454,Documentary,Movie,86,2020-12-03,False
C02455,Title_2455,Drama,Special,72,2019-10-07,False
C02456,Title_2456,Horror,Series,49,2019-04-06,False
C02457,Title_2457,Horror,Movie,147,2021-02-02,False
C02458,Title_2458,Thriller,Series,23,2024-08-22,True
C02459,Title_2459,Animation,Special,101,2025-03-30,False
C02460,Title_2460,Sci-Fi,Series,58,2020-12-17,False
C02461,Title_2461,Documentary,Series,22,2018-03-03,False
C02462,Title_2462,Crime,Series,20,2019-02-03,False
C02463,Title_2463,Sci-Fi,Series,52,2020-06-05,True
C02464,Title_2464,Comedy,Special,67,2020-03-23,False
C02465,Title_2465,Comedy,Series,49,2022-01-04,False
C02466,Title_2466,Crime,Series,59,2018-01-19,True
C02467,Title_2467,Sci-Fi,Documentary,69,2022-08-31,True
C02468,Title_2468,Thriller,Movie,155,2020-08-01,False
C02469,Title_2469,Animation,Series,50,2022-08-22,False
C02470,Title_2470,Sci-Fi,Series,55,2022-04-03,False
C02471,Title_2471,Comedy,Movie,122,2021-09-02,True
C02472,Title_2472,Horror,Movie,150,2023-10-08,True
C02473,Title_2473,Animation,Series,41,2023-05-29,False
C02474,Title_2474,Action,Movie,89,2025-04-09,True
C02475,Title_2475,Romance,Movie,161,2023-12-21,True
C02476,Title_2476,Documentary,Series,51,2019-06-20,False
C02477,Title_2477,Drama,Movie,105,2024-03-23,False
C02478,Title_2478,Thriller,Series,53,2025-04-27,True
C02479,Title_2479,Thriller,Movie,144,2024-05-22,True
C02480,Title_2480,Romance,Movie,117,2020-05-14,True
C02481,Title_2481,Animation,Movie,94,2020-08-05,True
C02482,Title_2482,Animation,Movie,168,2022-03-25,True
C02483,Title_2483,Animation,Movie,98,2022-10-28,True
C02484,Title_2484,Documentary,Series,48,2019-02-04,False
C02485,Title_2485,Romance,Series,41,2023-05-25,False
C02486,Title_2486,Drama,Documentary,72,2020-01-08,True
C02487,Title_2487,Romance,Series,59,2018-08-22,True
C02488,Title_2488,Romance,Documentary,53,2018-06-26,False
C02489,Title_2489,Thriller,Documentary,41,2023-01-23,False
C02490,Title_2490,Crime,Documentary,42,2025-05-27,True
C02491,Title_2491,Thriller,Series,20,2025-03-21,True
C02492,Title_2492,Horror,Movie,157,2021-06-02,True
C02493,Title_2493,Comedy,Series,37,2019-08-21,False
C02494,Title_2494,Comedy,Movie,120,2021-12-15,False
C02495,Title_2495,Animation,Documentary,47,2019-02-11,True
C02496,Title_2496,Thriller,Movie,155,2020-08-30,True
C02497,Title_2497,Drama,Series,46,2025-03-06,False
C02498,Title_2498,Comedy,Series,22,2021-06-21,True
C02499,Title_2499,Documentary,Series,24,2021-03-25,False
C02500,Title_2500,Action,Movie,142,2018-10-11,False
